"","ID","Camera","Date","Sites","Location","Student Recorder","Organism","Debris","Code","Subcode","Count","Length","Width","Area","Biomass","Photo","ImageJ Measurement By","Notes","Model"
"1",1,"Red","5/12/2023","Coral Gardens","Coral Gardens","Key Dives","mantis shrimp","none","STOM","STOM",1,4.805,0.992,4.826,"0.550151040483916",NA,"Anna Metzger",NA,"WPOLY"
"2",2,"Red","5/12/2023","Coral Gardens","Coral Gardens","Key Dives","decorator crab","concrete","MTHR","DECO",1,0.772,0.81,0.465,"0.211388474654453",NA,"Anna Metzger","a little hard to see crab","LPOLY"
"3",3,"Red","5/12/2023","Coral Gardens","Coral Gardens","Key Dives","chiton","wood","CHIT","CHIT",1,1.929,0.656,1.094,"NA",NA,"Anna Metzger",NA,NA
"4",4,"Red","5/12/2023","Coral Gardens","Coral Gardens","Key Dives","mithrax","none","MTHR","CLNG",1,0.664,0.971,0.405,"1.11762441641396",NA,"Anna Metzger",NA,"LPOLY"
"5",5,"Red","5/12/2023","Coral Gardens","Coral Gardens","Key Dives","mithrax","none","MTHR","CLNG",1,0.787,1.108,0.648,"1.02539062190123",NA,"Anna Metzger",NA,"LPOLY"
"6",6,"Red","5/12/2023","Coral Gardens","Coral Gardens","Key Dives","snapping shrimp","none","CARD","SNAP",1,1.963,0.47,0.659,"2.01793087179133",NA,"Anna Metzger",NA,"LM"
"7",7,"Red","5/12/2023","Coral Gardens","Coral Gardens","Key Dives","brittle star","none","OPHR","OPHR",1,1.62,1.576,2.304,"-0.940162505616988",NA,"Anna Metzger",NA,"WPOLY"
"8",8,"Red","5/12/2023","Coral Gardens","Coral Gardens","Key Dives","orange striped shrimp","none","CARD","SNAP",1,1.409,0.301,0.326,"1.46393087179133",NA,"Anna Metzger","very small but tried to get accurate as i could","LM"
"9",9,"Red","5/12/2023","Coral Gardens","Coral Gardens","Key Dives","brittle star","rope","OPHR","OPHR",1,0.92,0.915,0.681,"-0.115531298739811",NA,"Anna Metzger",NA,"WPOLY"
"10",10,"Red","5/12/2023","Coral Gardens","Coral Gardens","Key Dives","brittle star","rope","OPHR","OPHR",1,0.48,0.573,0.22,"0.116387727772295",NA,"Anna Metzger",NA,"WPOLY"
"11",11,"Red","5/12/2023","Coral Gardens","Coral Gardens","Key Dives","brittle star","rope","OPHR","OPHR",1,0.905,0.948,0.825,"-0.144935010408283",NA,"Anna Metzger",NA,"WPOLY"
"12",12,"Red","5/12/2023","Coral Gardens","Coral Gardens","Key Dives","brittle star","rope","OPHR","OPHR",1,1.025,0.796,0.618,"-0.0197686883032827",NA,"Anna Metzger",NA,"WPOLY"
"13",13,"Red","5/12/2023","Coral Gardens","Coral Gardens","Key Dives","brittle star","rope","OPHR","OPHR",1,0.916,0.839,0.475,"-0.0525166689527261",NA,"Anna Metzger",NA,"WPOLY"
"14",14,"Red","5/12/2023","Coral Gardens","Coral Gardens","Key Dives","grass shrimp","rope","CARD","PALA",1,2.345,0.488,0.876,"1.071265301625",NA,"Anna Metzger",NA,"WPOLY"
"15",15,"Red","5/12/2023","Coral Gardens","Coral Gardens","Key Dives","grass shrimp","rope","CARD","PALA",1,1.958,0.453,0.725,"1.04797554389394",NA,"Anna Metzger",NA,"WPOLY"
"16",16,"Red","5/12/2023","Coral Gardens","Coral Gardens","Key Dives","star coral","crab trap","HCOR","SSPP",1,0.935,0.406,0.345,"2.348",NA,"Anna Metzger",NA,"MEDIAN"
"17",17,"Red","5/12/2023","Coral Gardens","Coral Gardens","Key Dives","polychaete","none","POLY","POLY",1,6.303,0.532,2.061,"6.4415896776537",NA,"Anna Metzger",NA,"LM"
"18",18,"Red","5/12/2023","Coral Gardens","Coral Gardens","Key Dives","star coral","trap mesh","HCOR","SSPP",1,3.23,1.216,3.131,"2.348",NA,"Anna Metzger",NA,"MEDIAN"
"19",19,"Red","5/12/2023","Coral Gardens","Coral Gardens","Key Dives","green mithrax","none","MTHR","CLNG",1,1.126,1.218,0.883,"0.420384538519205",NA,"Anna Metzger",NA,"LPOLY"
"20",20,"Red","5/12/2023","Coral Gardens","Coral Gardens","Key Dives","green mithrax","mesh bag","MTHR","CLNG",1,1.198,1.387,1.199,"0.225606045170383",NA,"Anna Metzger",NA,"LPOLY"
"21",21,"Red","5/12/2023","Coral Gardens","Coral Gardens","Key Dives","snail","mesh bag","GAST","OSNL",1,1.099,1.001,1.034,"1.42254040485267",NA,"Anna Metzger",NA,"LM"
"22",22,"Red","5/12/2023","Coral Gardens","Coral Gardens","Key Dives","clinging crab","none","MTHR","CLNG",1,0.236,0.272,0.102,"0.91034880126973",NA,"Anna Metzger",NA,"LPOLY"
"23",23,"Red","5/12/2023","Coral Gardens","Coral Gardens","Key Dives","hard coral","rope","HCOR","DICH",1,2.428,2.091,4.901,"NA",NA,"Anna Metzger",NA,NA
"24",24,"Red","5/12/2023","Coral Gardens","Coral Gardens","Key Dives","hard coral","rope","HCOR","DICH",1,1.862,2.913,4.294,"NA",NA,"Anna Metzger",NA,NA
"25",25,"Red","5/12/2023","Coral Gardens","Coral Gardens","Key Dives","mithrax","none","MTHR","CLNG",1,NA,NA,NA,NA,NA,"Anna Metzger","could not find photo","LPOLY"
"26",26,"Red","5/12/2023","Coral Gardens","Coral Gardens","Key Dives","porcelein crab","none","GLRH","PORC",1,0.734,0.78,0.444,"2.83293527679006",NA,"Anna Metzger",NA,"LPOLY"
"27",27,"Red","5/12/2023","Coral Gardens","Coral Gardens","Key Dives","clinging crab","none","MTHR","CLNG",1,0.298,0.696,0.132,"0.991201372743378",NA,"Anna Metzger",NA,"LPOLY"
"28",28,"Red","5/12/2023","Coral Gardens","Coral Gardens","Key Dives","porcelein crab","none","GLRH","PORC",1,0.808,0.784,0.479,"3.10939573542462",NA,"Anna Metzger",NA,"LPOLY"
"29",29,"Red","5/12/2023","Coral Gardens","Coral Gardens","Key Dives","porcelein crab","none","GLRH","PORC",1,0.461,0.576,0.25,"1.88611635125321",NA,"Anna Metzger",NA,"LPOLY"
"30",30,"Red","5/12/2023","Coral Gardens","Coral Gardens","Key Dives","porcelein crab","none","GLRH","PORC",1,0.394,0.63,0.118,"1.67132429692116",NA,"Anna Metzger",NA,"LPOLY"
"31",31,"Red","5/12/2023","Coral Gardens","Coral Gardens","Key Dives","porcelein crab","trap bait well","GLRH","PORC",1,NA,NA,NA,NA,NA,"Anna Metzger","I am not sure where organism is","LPOLY"
"32",32,"Red","5/12/2023","Coral Gardens","Coral Gardens","Key Dives","porcelein crab","none","GLRH","PORC",1,0.958,1.089,0.818,"3.69571487387626",NA,"Anna Metzger",NA,"LPOLY"
"33",33,"Red","5/12/2023","Coral Gardens","Coral Gardens","Key Dives","sponge crab","none","DROM","DROM",1,0.816,0.72,0.501,"NA",NA,"Anna Metzger","check",NA
"34",34,"Red","5/12/2023","Coral Gardens","Coral Gardens","Key Dives","decorator crab","none","MTHR","DECO",1,0.591,0.622,0.408,"0.300808048104183",NA,"Anna Metzger",NA,"LPOLY"
"35",36,"Black","6/9/2023","Karas A & B","Karas","Ashley","polychaete","trap throat","POLY","POLY",1,1.196,0.066,2.401,"1.3345896776537","P6100010","Kailyn",NA,"LM"
"36",37,"Black","6/9/2023","Karas A & B","Karas","Ashley","clinging crab","rope","MTHR","CLNG",1,0.784,0.748,2.322,"1.02844657246153","P6100027","Kailyn",NA,"LPOLY"
"37",38,"Black","6/9/2023","Karas A & B","Karas","Ashley","clinging crab","rope","MTHR","CLNG",1,0.358,0.434,1.354,"1.05305009848983","P6100028","Kailyn",NA,"LPOLY"
"38",39,"Black","6/9/2023","Karas A & B","Karas","Ashley","polychaete","rope","POLY","POLY",1,9.062,0.224,18.689,"9.2005896776537","P6100041","Kailyn",NA,"LM"
"39",40,"Black","6/9/2023","Karas A & B","Karas","Ashley","polychaete","rope","POLY","POLY",1,8.735,0.325,18.972,"8.8735896776537","P6100043","Kailyn",NA,"LM"
"40",41,"Black","6/9/2023","Karas A & B","Karas","Ashley","blue worm","rope","POLY","POLY",1,4.079,0.188,8.337,"4.2175896776537","P6100029","Kailyn",NA,"LM"
"41",42,"Black","6/9/2023","Karas A & B","Karas","Ashley","feather duster","rope","POLY","SABE",1,NA,NA,NA,NA,NA,"Kailyn","no photo (nothing comes up when I search it up as feather duster_42)","LPOLY"
"42",43,"Black","6/9/2023","Karas A & B","Karas","Ashley","chiton","plexiglass","CHIT","CHIT",1,0.869,0.401,2.106,"NA","P6100008","Kailyn",NA,NA
"43",44,"Black","6/9/2023","Karas A & B","Karas","Ashley","sea cucumber","fishing net","HOLO","HOLO",1,5.77,2.913,14.015,"0.052","P6100013","Kailyn",NA,"MEDIAN"
"44",45,"Black","6/9/2023","Karas A & B","Karas","Ashley","snail","fishing net","GAST","OSNL",1,1.585,1.039,3.771,"1.90854040485267","P6100015","Kailyn",NA,"LM"
"45",46,"Black","6/9/2023","Karas A & B","Karas","Ashley","snail","fishing net","GAST","OSNL",1,1.162,0.557,2.685,"1.48554040485267","P6100016","Kailyn",NA,"LM"
"46",47,"Black","6/9/2023","Karas A & B","Karas","Ashley","clinging crab","fishing net","MTHR","CLNG",1,0.498,0.497,1.675,"1.13464800620303","P6100034","Kailyn",NA,"LPOLY"
"47",48,"Black","6/9/2023","Karas A & B","Karas","Ashley","spagetti worm","fishing net","POLY","TERB",1,4.51,0.282,8.974,"-26.3518968054999","P6100018","Kailyn",NA,"LPOLY"
"48",49,"Black","6/9/2023","Karas A & B","Karas","Ashley","spagetti worm","fishing net","POLY","TERB",1,8.965,0.474,17.803,"-107.396158692957","P6100019","Kailyn",NA,"LPOLY"
"49",50,"Black","6/9/2023","Karas A & B","Karas","Ashley","spagetti worm","fishing net","POLY","TERB",1,1.778,0.452,3.846,"-3.47496269839232","P6100020","Kailyn",NA,"LPOLY"
"50",51,"Black","6/9/2023","Karas A & B","Karas","Ashley","spagetti worm","fishing net","POLY","TERB",1,5.318,0.538,10.757,"-37.0252847524398","P6100022","Kailyn",NA,"LPOLY"
"51",52,"Black","6/9/2023","Karas A & B","Karas","Ashley","polychaete","fishing net","POLY","POLY",1,6.078,0.196,12.517,"6.2165896776537","P6100026","Kailyn",NA,"LM"
"52",53,"Black","6/9/2023","Karas A & B","Karas","Ashley","polychaete","metal","POLY","POLY",1,2.205,0.22,4.344,"2.3435896776537","P6100030","Kailyn",NA,"LM"
"53",54,"Black","6/9/2023","Karas A & B","Karas","Ashley","snail","none","GAST","OSNL",1,1.082,0.51,2.515,"1.40554040485267","P6100017","Kailyn",NA,"LM"
"54",55,"Black","6/9/2023","Karas A & B","Karas","Ashley","chiton","none","CHIT","CHIT",1,2.034,0.77,4.892,"NA","P6100052","Kailyn",NA,NA
"55",56,"Black","6/9/2023","Karas A & B","Karas","Ashley","fireworm","none","POLY","FIRE",1,0.515,0.093,1.096,"0.45085324818601","P6100023","Kailyn",NA,"WPOLY"
"56",57,"Black","6/9/2023","Karas A & B","Karas","Ashley","brittle star","trap throat","OPHR","OPHR",1,0.276,0.254,0.849,"0.213000563444121","P6100032","Kailyn",NA,"WPOLY"
"57",58,"Black","6/9/2023","Karas A & B","Karas","Ashley","brittle star","trap throat","OPHR","OPHR",1,0.192,0.187,0.471,"0.218609860690445","P6100035","Kailyn",NA,"WPOLY"
"58",59,"Black","6/9/2023","Karas A & B","Karas","Ashley","brittle star","trap throat","OPHR","OPHR",1,0.507,0.477,1.53,"0.157616229926817","P6100066","Kailyn",NA,"WPOLY"
"59",60,"Black","6/9/2023","Karas A & B","Karas","Ashley","clinging crab","trap throat","MTHR","CLNG",1,0.328,0.319,0.814,"1.0241416001568","P6100037","Kailyn",NA,"LPOLY"
"60",61,"Black","6/9/2023","Karas A & B","Karas","Ashley","clinging crab","trap throat","MTHR","CLNG",1,0.342,0.281,0.921,"1.03813395899778","P6100040","Kailyn",NA,"LPOLY"
"61",62,"Black","6/9/2023","Karas A & B","Karas","Ashley","clinging crab","trap throat","MTHR","CLNG",1,0.421,0.42,1.214,"1.10063466683245","P6100068","Kailyn",NA,"LPOLY"
"62",63,"Black","6/9/2023","Karas A & B","Karas","Ashley","clinging crab","trap throat","MTHR","CLNG",1,0.47,0.302,1.213,"1.12535259265825","P6100070","Kailyn",NA,"LPOLY"
"63",64,"Black","6/9/2023","Karas A & B","Karas","Ashley","polychaete","trap throat","POLY","POLY",1,1.428,0.206,3.106,"1.5665896776537","P6100056","Kailyn",NA,"LM"
"64",65,"Black","6/9/2023","Karas A & B","Karas","Ashley","polychaete","rope","POLY","POLY",1,2.958,0.095,5.748,"3.0965896776537","P6100038","Kailyn",NA,"LM"
"65",66,"Black","6/9/2023","Karas A & B","Karas","Ashley","fireworm","rope","POLY","FIRE",1,1.676,0.171,3.219,"0.491581146445797","P6100046","Kailyn",NA,"WPOLY"
"66",67,"Black","6/9/2023","Karas A & B","Karas","Ashley","polychaete","rope","POLY","POLY",1,2.636,0.298,5.862,"2.7745896776537","P6100053","Kailyn",NA,"LM"
"67",68,"Black","6/9/2023","Karas A & B","Karas","Ashley","polychaete","fishing net","POLY","POLY",1,3.351,0.372,6.872,"3.4895896776537","P6100064","Kailyn",NA,"LM"
"68",69,"Black","6/9/2023","Karas A & B","Karas","Ashley","brittle star","none","OPHR","OPHR",1,0.583,0.533,1.889,"0.134837967659665","P6100047","Kailyn",NA,"WPOLY"
"69",70,"Black","6/9/2023","Karas A & B","Karas","Ashley","brittle star","none","OPHR","OPHR",1,0.122,0.152,0.481,"0.219513322986732","P6100036","Kailyn",NA,"WPOLY"
"70",71,"Black","6/9/2023","Karas A & B","Karas","Ashley","brittle star","none","OPHR","OPHR",1,0.514,0.439,1.798,"0.171045004841265","P6100048","Kailyn",NA,"WPOLY"
"71",72,"Black","6/9/2023","Karas A & B","Karas","Ashley","clinging crab","none","MTHR","CLNG",1,0.559,0.548,1.81,"1.14273858569205","P6100051","Kailyn",NA,"LPOLY"
"72",73,"Black","6/9/2023","Karas A & B","Karas","Ashley","crab","none","XNTH","XNTH",1,0.354,0.484,1.085,"0.416","P6100049","Kailyn",NA,"MEDIAN"
"73",74,"Black","6/9/2023","Karas A & B","Karas","Ashley","clinging crab","none","MTHR","CLNG",1,0.416,0.361,1.338,"1.09750767014123","P6100061","Kailyn",NA,"LPOLY"
"74",75,"Black","6/9/2023","Karas A & B","Karas","Ashley","decorator crab","none","MTHR","DECO",1,0.668,0.582,1.69,"0.269748216122049","P6100072","Kailyn",NA,"LPOLY"
"75",76,"Black","6/9/2023","Karas A & B","Karas","Ashley","crab","none","UNKN","CRAB",1,NA,NA,NA,"NA",NA,"Kailyn","no photo (nothing comes up)",NA
"76",77,"Black","6/9/2023","Karas A & B","Karas","Ashley","crab","none","UNKN","CRAB",1,NA,NA,NA,"NA",NA,"Kailyn","no photo (nothing comes up)",NA
"77",78,"Black","6/9/2023","Karas A & B","Karas","Ashley","polychaete","none","POLY","POLY",1,1.15,0.201,2.559,"1.2885896776537","P6100065","Kailyn",NA,"LM"
"78",79,"Black","6/9/2023","Karas A & B","Karas","Ashley","polychaete","none","POLY","POLY",1,0.229,10.409,20.885,"0.367589677653702","P6100045","Kailyn",NA,"LM"
"79",80,"Black","6/9/2023","Karas A & B","Karas","Ashley","polychaete","none","POLY","POLY",1,NA,NA,NA,NA,NA,"Kailyn","no photo (nothing comes up)","LM"
"80",81,"Black","6/9/2023","Karas A & B","Karas","Ashley","polychaete","none","POLY","POLY",1,NA,NA,NA,NA,NA,"Kailyn","no photo (nothing comes up)","LM"
"81",82,"Black","6/9/2023","Karas A & B","Karas","Ashley","green worm","none","SIPN","SIPN",1,1.118,0.252,2.329,"0.138244449176274","P6100054","Kailyn",NA,"LPOLY"
"82",83,"Black","6/9/2023","Karas A & B","Karas","Ashley","spagetti worm","none","POLY","TERB",1,2.008,0.137,4.343,"-4.61478475286396","P6100057","Kailyn",NA,"LPOLY"
"83",84,"Black","6/9/2023","Karas A & B","Karas","Ashley","spagetti worm","none","POLY","TERB",1,0.095,3.013,5.964,"0.467340094103431","P6100071","Kailyn",NA,"LPOLY"
"84",85,"Black","6/9/2023","Karas A & B","Karas","Ashley","amphipod","none","AMPH","AMPH",1,0.73,0.149,1.781,"0.0315","P6100062","Kailyn",NA,"MEDIAN"
"85",86,"Black","6/9/2023","Karas A & B","Karas","Ashley","decorator crab","none","MTHR","DECO",1,0.299,0.286,0.758,"0.324669918331535","P6100033","Kailyn",NA,"LPOLY"
"86",87,"Black","6/9/2023","Karas A & B","Karas","Ashley","decorator crab","none","MTHR","DECO",1,1.121,0.749,2.803,"-0.12226582274937","P6100060","Kailyn",NA,"LPOLY"
"87",88,"Black","6/9/2023","Karas A & B","Karas","Ashley","snapping shrimp","none","CARD","SNAP",1,1.151,0.245,2.265,"1.20593087179133","P6100063","Kailyn",NA,"LM"
"88",89,"Black","6/9/2023","Karas A & B","Karas","Ashley","clinging crab","none","MTHR","CLNG",1,0.278,0.271,0.077,"0.967001371645315","P6100055","Anna Metzger",NA,"LPOLY"
"89",90,"Black","6/9/2023","Karas A & B","Karas","Ashley","clinging crab","none","MTHR","CLNG",1,0.338,0.437,0.142,"1.03422573616563","P6100059","Anna Metzger",NA,"LPOLY"
"90",90.1,"Black","6/10/2023","Karas A & B","Karas","Ashley","snail","unknown","GAST","OSNL",1,1.128,0.634,0.508,"1.45154040485267","P6100021","Anna Metzger",NA,"LM"
"91",90.2,"Black","6/11/2023","Karas A & B","Karas","Ashley","snail","unknown","GAST","OSNL",1,0.839,0.547,0.264,"1.16254040485267","P6100031","Anna Metzger",NA,"LM"
"92",91,"Red","6/9/2023","Karas A & B","Karas","Lydia","snail","none","GAST","OSNL",1,1.755,0.708,0.783,"2.07854040485267",NA,"Anna Metzger",NA,"LM"
"93",92,"Red","6/9/2023","Karas A & B","Karas","Lydia","crab","none","XNTH","XNTH",1,0.635,0.919,0.614,"0.416","P6090093","Anna Metzger",NA,"MEDIAN"
"94",93,"Red","6/9/2023","Karas A & B","Karas","Lydia","star coral","vinyl","HCOR","SSPP",1,1.533,1.309,1.499,"2.348",NA,"Anna Metzger",NA,"MEDIAN"
"95",94,"Red","6/9/2023","Karas A & B","Karas","Lydia","penaid shrimp","aluminum can","PENA","PENA",1,1.803,0.252,0.273,"0.222",NA,"Anna Metzger",NA,"MEDIAN"
"96",95,"Red","6/9/2023","Karas A & B","Karas","Lydia","snail","glass bottle","GAST","OSNL",1,0.907,0.576,0.33,"1.23054040485267",NA,"Anna Metzger",NA,"LM"
"97",96,"Red","6/9/2023","Karas A & B","Karas","Lydia","clam","weight pouch","BIVL","CLAM",1,0.731,1.11,0.61,"4.34940301423453",NA,"Anna Metzger",NA,"WPOLY"
"98",97,"Red","6/9/2023","Karas A & B","Karas","Lydia","flat worm","weight pouch","PLYC","PLYC",1,2.773,0.497,1.102,"0.154",NA,"Anna Metzger",NA,"MEDIAN"
"99",98,"Red","6/9/2023","Karas A & B","Karas","Lydia","polychaete","weight pouch","POLY","POLY",1,14.978,0.31,5.043,"15.1165896776537",NA,"Anna Metzger",NA,"LM"
"100",99,"Red","6/9/2023","Karas A & B","Karas","Lydia","peppermint shrimp","bait well","CARD","PEPP",1,NA,NA,NA,NA,NA,"Anna Metzger","no ruler","LM"
"101",100,"Red","6/9/2023","Karas A & B","Karas","Lydia","peppermint shrimp","bait well","CARD","PEPP",1,NA,NA,NA,NA,NA,"Anna Metzger","no ruler","LM"
"102",100.1,"Red","6/9/2023","Karas A & B","Karas","None","anemone","trap throat","ANME","ANME",1,NA,NA,NA,"NA","P6090009","Anna Metzger","no ruler",NA
"103",101,"Red","6/9/2023","Karas A & B","Karas","Lydia","fireworm","rope","POLY","FIRE",1,1.262,0.24,0.267,"0.524313460370566",NA,"Anna Metzger",NA,"WPOLY"
"104",102,"Red","6/9/2023","Karas A & B","Karas","Lydia","brittle star","rope","OPHR","OPHR",1,0.266,0.305,0.068,"0.205314248757075",NA,"Anna Metzger",NA,"WPOLY"
"105",103,"Red","6/9/2023","Karas A & B","Karas","Lydia","brittle star","rope","OPHR","OPHR",1,0.225,0.189,0.043,"0.218516222844094",NA,"Anna Metzger",NA,"WPOLY"
"106",104,"Red","6/9/2023","Karas A & B","Karas","Lydia","brittle star","rope","OPHR","OPHR",1,0.207,0.227,0.071,"0.215874166294261",NA,"Anna Metzger",NA,"WPOLY"
"107",105,"Red","6/9/2023","Karas A & B","Karas","Lydia","red worm","rope","POLY","POLY",1,1.889,0.053,0.131,"2.0275896776537",NA,"Anna Metzger",NA,"LM"
"108",106,"Red","6/9/2023","Karas A & B","Karas","Lydia","bristle worm","rope","POLY","POLY",1,0.303,0.243,0.049,"0.441589677653701","P6090090","Anna Metzger",NA,"LM"
"109",107,"Red","6/9/2023","Karas A & B","Karas","Lydia","brittle star","fishing net","OPHR","OPHR",1,0.23,0.213,0.033,"0.217038310147911","P6090047","Anna Metzger",NA,"WPOLY"
"110",108,"Red","6/9/2023","Karas A & B","Karas","Lydia","brittle star","fishing net","OPHR","OPHR",1,0.277,0.255,0.044,"0.212878237492394","P6090053","Anna Metzger",NA,"WPOLY"
"111",109,"Red","6/9/2023","Karas A & B","Karas","Lydia","brittle star","fishing net","OPHR","OPHR",1,0.426,0.362,0.099,"0.19322876500377","P6090052","Anna Metzger",NA,"WPOLY"
"112",110,"Red","6/9/2023","Karas A & B","Karas","Lydia","brittle star","fishing net","OPHR","OPHR",1,0.388,0.432,0.223,"0.173339894099987","P6090091","Anna Metzger",NA,"WPOLY"
"113",111,"Red","6/9/2023","Karas A & B","Karas","Lydia","brittle star","fishing net","OPHR","OPHR",1,0.314,0.286,0.059,"0.208522952745799","P6090086","Anna Metzger",NA,"WPOLY"
"114",112,"Red","6/9/2023","Karas A & B","Karas","Lydia","brittle star","fishing net","OPHR","OPHR",1,0.259,0.246,0.046,"0.213938295072561","P6090045","Anna Metzger",NA,"WPOLY"
"115",113,"Red","6/9/2023","Karas A & B","Karas","Lydia","brittle star","fishing net","OPHR","OPHR",1,0.188,0.228,0.041,"0.215782497331569","P6090092","Anna Metzger",NA,"WPOLY"
"116",114,"Red","6/9/2023","Karas A & B","Karas","Lydia","brittle star","fishing net","OPHR","OPHR",1,0.395,0.311,0.11,"0.204215815510388","P6090051","Anna Metzger",NA,"WPOLY"
"117",115,"Red","6/9/2023","Karas A & B","Karas","Lydia","brittle star","fishing net","OPHR","OPHR",1,0.183,0.14,0.058,"0.219502886269492","P6090069","Anna Metzger",NA,"WPOLY"
"118",116,"Red","6/9/2023","Karas A & B","Karas","Lydia","brittle star","fishing net","OPHR","OPHR",1,0.293,0.185,0.024,"0.218698956760642","P6090082","Anna Metzger",NA,"WPOLY"
"119",117,"Red","6/9/2023","Karas A & B","Karas","Lydia","brittle star","fishing net","OPHR","OPHR",1,0.211,0.11,0.023,"0.218761464732215","P6090068","Anna Metzger",NA,"WPOLY"
"120",118,"Red","6/9/2023","Karas A & B","Karas","Lydia","brittle star","fishing net","OPHR","OPHR",1,0.18,0.218,0.043,"0.216648091976756","P6090081","Anna Metzger",NA,"WPOLY"
"121",119,"Red","6/9/2023","Karas A & B","Karas","Lydia","brittle star","fishing net","OPHR","OPHR",1,0.174,0.211,0.032,"0.217186449308104","P6090056","Anna Metzger",NA,"WPOLY"
"122",120,"Red","6/9/2023","Karas A & B","Karas","Lydia","brittle star","fishing net","OPHR","OPHR",1,0.226,0.295,0.037,"0.207054135311815","P6090064","Anna Metzger",NA,"WPOLY"
"123",121,"Red","6/9/2023","Karas A & B","Karas","Lydia","brittle star","fishing net","OPHR","OPHR",1,0.175,0.243,0.038,"0.214271209606593","P6090070","Anna Metzger",NA,"WPOLY"
"124",122,"Red","6/9/2023","Karas A & B","Karas","Lydia","brittle star","fishing net","OPHR","OPHR",1,0.228,0.8181,0.06,"-0.0363374020717622","P6090077","Anna Metzger",NA,"WPOLY"
"125",123,"Red","6/9/2023","Karas A & B","Karas","Lydia","brittle star","fishing net","OPHR","OPHR",1,0.247,0.217,0.04,"0.216728406499064","P6090083","Anna Metzger",NA,"WPOLY"
"126",124,"Red","6/9/2023","Karas A & B","Karas","Lydia","polychaete","fishing net","POLY","POLY",1,4.366,0.131,0.832,"4.5045896776537","polychaete1","Anna Metzger",NA,"LM"
"127",125,"Red","6/9/2023","Karas A & B","Karas","Lydia","polychaete","fishing net","POLY","POLY",1,3.223,0.054,0.298,"3.3615896776537","P6090037","Anna Metzger",NA,"LM"
"128",126,"Red","6/9/2023","Karas A & B","Karas","Lydia","polychaete","fishing net","POLY","POLY",1,2.082,0.077,0.228,"2.2205896776537","P6090041","Anna Metzger","either really tiny worm/half a worm","LM"
"129",127,"Red","6/9/2023","Karas A & B","Karas","Lydia","polychaete","fishing net","POLY","POLY",1,4.552,0.119,0.739,"4.6905896776537","P6090057","Anna Metzger",NA,"LM"
"130",128,"Red","6/9/2023","Karas A & B","Karas","Lydia","polychaete","fishing net","POLY","POLY",1,2.95,0.154,0.4,"3.0885896776537","P6090080","Anna Metzger",NA,"LM"
"131",129,"Red","6/9/2023","Karas A & B","Karas","Lydia","polychaete","fishing net","POLY","POLY",1,2.056,0.138,0.388,"2.1945896776537","P6090066","Anna Metzger",NA,"LM"
"132",130,"Red","6/9/2023","Karas A & B","Karas","Lydia","polychaete","fishing net","POLY","POLY",1,4.093,0.178,0.88,"4.2315896776537","P6090072","Anna Metzger",NA,"LM"
"133",131,"Red","6/9/2023","Karas A & B","Karas","Lydia","polychaete","fishing net","POLY","POLY",1,0.996,0.1,0.123,"1.1345896776537","P6090073","Anna Metzger",NA,"LM"
"134",132,"Red","6/9/2023","Karas A & B","Karas","Lydia","polychaete","fishing net","POLY","POLY",1,1.285,0.084,0.119,"1.4235896776537","P6090059","Anna Metzger",NA,"LM"
"135",133,"Red","6/9/2023","Karas A & B","Karas","Lydia","bristle worm","fishing net","POLY","POLY",1,0.588,0.071,0.067,"0.726589677653702","P6090048","Anna Metzger",NA,"LM"
"136",134,"Red","6/9/2023","Karas A & B","Karas","Lydia","fireworm","fishing net","POLY","FIRE",1,1.286,0.106,0.15,"0.457915834274044","P6090067","Anna Metzger",NA,"WPOLY"
"137",135,"Red","6/9/2023","Karas A & B","Karas","Lydia","fireworm","fishing net","POLY","FIRE",1,0.911,0.148,0.171,"0.479982730116639","P6090071","Anna Metzger",NA,"WPOLY"
"138",136,"Red","6/9/2023","Karas A & B","Karas","Lydia","bristle worm","fishing net","POLY","POLY",1,1.811,0.078,0.26,"1.9495896776537","P6090074","Anna Metzger",NA,"LM"
"139",137,"Red","6/9/2023","Karas A & B","Karas","Lydia","bristle worm","fishing net","POLY","POLY",1,0.968,0.065,0.071,"1.1065896776537","P6090060","Anna Metzger",NA,"LM"
"140",138,"Red","6/9/2023","Karas A & B","Karas","Lydia","fireworm","fishing net","POLY","FIRE",1,0.635,0.115,0.078,"0.462740972094922","P6090061","Anna Metzger",NA,"WPOLY"
"141",139,"Red","6/9/2023","Karas A & B","Karas","Lydia","bristle worm","fishing net","POLY","POLY",1,0.823,0.149,0.143,"0.961589677653701","P6090075","Anna Metzger",NA,"LM"
"142",140,"Red","6/9/2023","Karas A & B","Karas","Lydia","fireworm","fishing net","POLY","FIRE",1,3.243,0.311,0.595,"0.554764295284444","P6090049","Lydia",NA,"WPOLY"
"143",141,"Red","6/9/2023","Karas A & B","Karas","Lydia","bristle worm","fishing net","POLY","POLY",1,1.376,0.239,0.316,"1.5145896776537","P6090063","Lydia",NA,"LM"
"144",142,"Red","6/9/2023","Karas A & B","Karas","Lydia","fireworm","fishing net","POLY","FIRE",1,1.384,0.255,0.239,"0.531019713527021","P6090039","Lydia",NA,"WPOLY"
"145",143,"Red","6/9/2023","Karas A & B","Karas","Lydia","polychaete","fishing net","POLY","POLY",1,1.492,0.188,0.205,"1.6305896776537","P6090088","Lydia",NA,"LM"
"146",144,"Red","6/9/2023","Karas A & B","Karas","Lydia","spagetti worm","fishing net","POLY","TERB",1,5.497,0.538,1.543,"-39.6311605314979","P6090076","Lydia",NA,"LPOLY"
"147",145,"Red","6/9/2023","Karas A & B","Karas","Lydia","peanut worm","fishing net","SIPN","SIPN",1,2.192,0.226,0.307,"-1.06262923149108","P6090089","Lydia",NA,"LPOLY"
"148",146,"Red","6/9/2023","Karas A & B","Karas","Lydia","spagetti worm","fishing net","POLY","TERB",1,1.076,0.115,0.061,"-0.889808326917581","P6090065","Lydia",NA,"LPOLY"
"149",147,"Red","6/9/2023","Karas A & B","Karas","Lydia","chiton","none","CHIT","CHIT",1,NA,NA,NA,"NA",NA,"Lydia","no photo",NA
"150",148,"Red","6/9/2023","Karas A & B","Karas","Lydia","fireworm","none","POLY","FIRE",1,1.756,0.217,0.261,"0.513746511572761","P6090044","Lydia",NA,"WPOLY"
"151",149,"Red","6/9/2023","Karas A & B","Karas","Lydia","worm","none","POLY","POLY",1,0.835,0.183,0.037,"0.973589677653701","P6090050","Lydia",NA,"LM"
"152",150,"Red","6/9/2023","Karas A & B","Karas","Lydia","fireworm","none","POLY","FIRE",1,2.839,0.233,0.432,"0.521133829565535","P6090055","Lydia",NA,"WPOLY"
"153",151,"Red","6/9/2023","Karas A & B","Karas","Lydia","fireworm","none","POLY","FIRE",1,1.274,0.224,0.167,"0.516998936557698","P6090039","Lydia",NA,"WPOLY"
"154",152,"Red","6/9/2023","Karas A & B","Karas","Lydia","fireworm","none","POLY","FIRE",1,0.536,0.194,0.061,"0.502835740264505","P6090054","Lydia",NA,"WPOLY"
"155",153,"Red","6/9/2023","Karas A & B","Karas","Lydia","fireworm","none","POLY","FIRE",1,1.04,0.219,0.167,"0.514679025594346","P6090043","Lydia",NA,"WPOLY"
"156",154,"Red","6/9/2023","Karas A & B","Karas","Lydia","clam","none","BIVL","CLAM",1,2.046,1.736,2.9,"7.09709069139785","P6090094","Lydia",NA,"WPOLY"
"157",155,"Red","6/9/2023","Karas A & B","Karas","Lydia","mussel","none","BIVL","MUSS",1,0.852,0.4,0.275,"1.14400408934354","P6090084","Lydia",NA,"LM"
"158",156,"Red","6/9/2023","Karas A & B","Karas","Lydia","brittle star","jumpsuit","OPHR","OPHR",1,NA,NA,NA,NA,NA,"Lydia","no photo","WPOLY"
"159",156.1,"Red","6/9/2023","Karas A & B","Karas","Lydia","amphipod","none","AMPH","AMPH",1,0.951,0.228,0.142,"0.0315",NA,"Lydia",NA,"MEDIAN"
"160",157,"Red","6/9/2023","Karas A & B","Karas","Lydia","amphipod","none","AMPH","AMPH",1,0.846,0.177,0.126,"0.0315",NA,"Anna Metzger",NA,"MEDIAN"
"161",158,"Red","6/9/2023","Karas A & B","Karas","Lydia","amphipod","none","AMPH","AMPH",1,0.73,0.166,0.087,"0.0315",NA,"Anna Metzger",NA,"MEDIAN"
"162",159,"Red","6/9/2023","Karas A & B","Karas","Lydia","amphipod","none","AMPH","AMPH",1,0.995,0.188,0.145,"0.0315",NA,"Anna Metzger",NA,"MEDIAN"
"163",160,"Red","6/9/2023","Karas A & B","Karas","Lydia","amphipod","none","AMPH","AMPH",1,1.257,0.242,0.094,"0.0315",NA,"Anna Metzger",NA,"MEDIAN"
"164",161,"Red","6/9/2023","Karas A & B","Karas","Lydia","amphipod","hat","AMPH","AMPH",1,0.804,0.169,0.153,"0.0315",NA,"Anna Metzger",NA,"MEDIAN"
"165",162,"Red","6/9/2023","Karas A & B","Karas","Lydia","polychaete","hat","POLY","POLY",1,1.896,0.283,0.302,"2.0345896776537",NA,"Lydia",NA,"LM"
"166",163,"Red","6/9/2023","Karas A & B","Karas","Lydia","polychaete","hat","POLY","POLY",1,1.107,0.168,0.102,"1.2455896776537",NA,"Lydia",NA,"LM"
"167",164,"Red","6/9/2023","Karas A & B","Karas","Lydia","clinging crab","fish collection net","MTHR","CLNG",1,0.297,0.407,0.09,"0.990033929828768",NA,"Lydia",NA,"LPOLY"
"168",165,"Red","6/9/2023","Karas A & B","Karas","Lydia","sponge crab","none","DROM","DROM",1,0.411,0.337,0.071,"NA",NA,"Lydia",NA,NA
"169",166,"Red","6/9/2023","Karas A & B","Karas","Lydia","polychaete","none","POLY","POLY",1,0.848,0.18,0.076,"0.986589677653702",NA,"Lydia",NA,"LM"
"170",167,"Red","6/9/2023","Karas A & B","Karas","Lydia","polychaete","none","POLY","POLY",1,4.122,0.453,1.1,"4.2605896776537",NA,"Lydia",NA,"LM"
"171",168,"Red","6/9/2023","Karas A & B","Karas","Lydia","polychaete","none","POLY","POLY",1,2.547,0.403,0.562,"2.6855896776537",NA,"Lydia",NA,"LM"
"172",169,"Red","6/9/2023","Karas A & B","Karas","Lydia","crab","none","XNTH","XNTH",1,0.774,1.243,0.9,"0.416",NA,"Lydia",NA,"MEDIAN"
"173",170,"Red","6/9/2023","Karas A & B","Karas","Lydia","brittle star","none","OPHR","OPHR",1,0.679,0.717,0.246,"0.0349245015572976",NA,"Lydia","measurement without arms","WPOLY"
"174",171,"Red","6/9/2023","Karas A & B","Karas","Lydia","spagetti worm","none","POLY","TERB",1,1.553,0.541,0.569,"-2.49977241939414",NA,"Lydia",NA,"LPOLY"
"175",172,"Red","6/9/2023","Karas A & B","Karas","Lydia","brittle star","none","OPHR","OPHR",1,0.239,0.211,0.052,"0.217186449308104",NA,"Lydia",NA,"WPOLY"
"176",173,"Red","6/9/2023","Karas A & B","Karas","Lydia","orange striped shrimp","none","CARD","SNAP",1,3.204,0.715,1.28,"3.25893087179133",NA,"Lydia",NA,"LM"
"177",174,"Red","6/9/2023","Karas A & B","Karas","Lydia","scallop","none","BIVL","SCAL",1,1.758,1.631,2.016,"3.17533130180284",NA,"Lydia",NA,"LPOLY"
"178",175,"Red","6/9/2023","Karas A & B","Karas","Lydia","crab","none","XNTH","XNTH",1,0.482,0.921,0.272,"0.416",NA,"Lydia",NA,"MEDIAN"
"179",176,"Red","6/9/2023","Karas A & B","Karas","Lydia","crab","none","XNTH","XNTH",1,0.387,0.513,0.158,"0.416",NA,"Lydia",NA,"MEDIAN"
"180",177,"Red","6/9/2023","Karas A & B","Karas","Lydia","shrimp","none","CARD","PALA",1,1.404,0.378,0.379,"0.98092043007246",NA,"Lydia",NA,"WPOLY"
"181",178,"Red","6/9/2023","Karas A & B","Karas","Lydia","amphipod","none","AMPH","AMPH",1,0.854,0.221,0.135,"0.0315",NA,"Lydia",NA,"MEDIAN"
"182",179,"Red","6/9/2023","Karas A & B","Karas","Lydia","decorator crab","none","MTHR","DECO",1,0.277,0.249,0.05,"0.320446056681729",NA,"Lydia",NA,"LPOLY"
"183",180,"Red","6/9/2023","Karas A & B","Karas","Lydia","brittle star","none","OPHR","OPHR",1,0.266,0.261,0.053,"0.212120437457222",NA,"Lydia",NA,"WPOLY"
"184",181,"Red","6/9/2023","Karas A & B","Karas","Lydia","fireworm","none","POLY","FIRE",1,3.085,0.325,0.806,"0.560381966186709","P6090030","Lydia",NA,"WPOLY"
"185",182,"Red","6/9/2023","Karas A & B","Karas","Lydia","brittle star","none","OPHR","OPHR",1,0.223,0.223,0.043,"0.216229487704643",NA,"Lydia",NA,"WPOLY"
"186",183,"Red","6/9/2023","Karas A & B","Karas","Lydia","crab","none","XNTH","XNTH",1,0.378,0.564,0.198,"0.416",NA,"Lydia",NA,"MEDIAN"
"187",184,"Red","6/9/2023","Karas A & B","Karas","Lydia","crab","none","XNTH","XNTH",1,0.267,0.382,0.072,"0.416",NA,"Lydia",NA,"MEDIAN"
"188",185,"Red","6/9/2023","Karas A & B","Karas","Lydia","brittle star","none","OPHR","OPHR",1,0.33,0.289,0.076,"0.208043565930816",NA,"Lydia",NA,"WPOLY"
"189",186,"Red","6/9/2023","Karas A & B","Karas","Lydia","bristle worm","none","POLY","POLY",1,1.651,0.272,0.553,"1.7895896776537",NA,"Lydia",NA,"LM"
"190",187,"Red","6/9/2023","Karas A & B","Karas","Lydia","bristle worm","none","POLY","POLY",1,1.83,0.243,0.546,"1.9685896776537",NA,"Lydia",NA,"LM"
"191",187.1,"Red","6/9/2023","Karas A & B","Karas","Lydia","grub sea cucumber",NA,"HOLO","HOLO",1,0.491,0.414,0.165,"0.052","P6090036","Lydia",NA,"MEDIAN"
"192",187.2,"Red","6/9/2023","Karas A & B","Karas","Lydia","grub sea cucumber",NA,"HOLO","HOLO",1,0.79,0.462,0.23,"0.052","P6090079","Lydia",NA,"MEDIAN"
"193",188,"Red","6/13/2023","West Turtle A","West Turtle","Lydia","spagetti worm","tire","POLY","TERB",1,4.715,0.465,2.533,"-28.8910040100414",NA,"Anna Metzger",NA,"LPOLY"
"194",189,"Red","6/13/2023","West Turtle A","West Turtle","Lydia","polychaete","tire","POLY","POLY",1,4.193,0.25,0.966,"4.3315896776537",NA,"Anna Metzger",NA,"LM"
"195",190,"Red","6/13/2023","West Turtle A","West Turtle","Lydia","snail","tire","GAST","OSNL",1,1.954,1.063,1.357,"2.27754040485267",NA,"Anna Metzger",NA,"LM"
"196",191,"Red","6/13/2023","West Turtle A","West Turtle","Lydia","flame clam","tire","POLY","FIRE",1,1.77,1.44,2.191,"0.598700660087942",NA,"Anna Metzger",NA,"WPOLY"
"197",192,"Red","6/13/2023","West Turtle A","West Turtle","Lydia","flame clam","none","POLY","FIRE",1,1.718,1.504,2.073,"0.576378879291416",NA,"Anna Metzger",NA,"WPOLY"
"198",193,"Red","6/13/2023","West Turtle A","West Turtle","Lydia","polychaete","wood slat","POLY","POLY",1,4.805,0.135,0.97,"4.9435896776537",NA,"Anna Metzger",NA,"LM"
"199",194,"Red","6/13/2023","West Turtle A","West Turtle","Lydia","brittle star","wood slat","OPHR","OPHR",1,0.179,0.212,0.03,"0.217112947450026",NA,"Anna Metzger",NA,"WPOLY"
"200",195,"Red","6/13/2023","West Turtle A","West Turtle","Lydia","fire worm","wood slat","POLY","FIRE",1,1.174,0.284,0.252,"0.543570469449913",NA,"Anna Metzger",NA,"WPOLY"
"201",196,"Red","6/13/2023","West Turtle A","West Turtle","Lydia","brittle star","wood slat","OPHR","OPHR",1,NA,NA,NA,NA,NA,"Anna Metzger","no picture","WPOLY"
"202",197,"Red","6/13/2023","West Turtle A","West Turtle","Lydia","polychaete","snorkel","POLY","POLY",1,2.413,0.038,0.154,"2.5515896776537",NA,"Anna Metzger",NA,"LM"
"203",198,"Red","6/13/2023","West Turtle A","West Turtle","Lydia","fire worm","metal","POLY","FIRE",1,0.425,0.071,0.063,"0.438650949428216",NA,"Anna Metzger",NA,"WPOLY"
"204",199,"Red","6/13/2023","West Turtle A","West Turtle","Lydia","polychaete","metal","POLY","POLY",1,8.363,0.187,1.264,"8.5015896776537",NA,"Anna Metzger",NA,"LM"
"205",200,"Red","6/13/2023","West Turtle A","West Turtle","Lydia","polychaete","metal","POLY","POLY",1,13.407,0.342,3.96,"13.5455896776537",NA,"Anna Metzger",NA,"LM"
"206",201,"Red","6/13/2023","West Turtle A","West Turtle","Lydia","porites","trap mesh","HCOR","PSP",1,NA,NA,NA,"NA",NA,"Anna Metzger","no photo",NA
"207",202,"Red","6/13/2023","West Turtle A","West Turtle","Lydia","agracia","trap mesh","HCOR","AGRS",1,NA,NA,NA,"NA",NA,"Anna Metzger","no photo",NA
"208",203,"Red","6/13/2023","West Turtle A","West Turtle","Lydia","porites","trap mesh","HCOR","PSP",1,NA,NA,NA,"NA",NA,"Anna Metzger","no photo",NA
"209",204,"Red","6/13/2023","West Turtle A","West Turtle","Lydia","brittle star","rope","OPHR","OPHR",1,0.406,0.419,0.139,"0.177454223569767",NA,"Anna Metzger",NA,"WPOLY"
"210",205,"Red","6/13/2023","West Turtle A","West Turtle","Lydia","clinging crab","rope","MTHR","CLNG",1,0.388,0.409,0.123,"1.07792686774244",NA,"Anna Metzger",NA,"LPOLY"
"211",206,"Red","6/13/2023","West Turtle A","West Turtle","Lydia","brittle star","rope","OPHR","OPHR",1,0.21,0.18,0.034,"0.218901826665464",NA,"Anna Metzger",NA,"WPOLY"
"212",207,"Red","6/13/2023","West Turtle A","West Turtle","Lydia","montastrea","rope","HCOR","MSPP",1,NA,NA,NA,"NA",NA,"Anna Metzger",NA,NA
"213",208,"Red","6/13/2023","West Turtle A","West Turtle","Lydia","scallop","rope","BIVL","SCAL",1,1.941,1.933,2.978,"3.59510582274698",NA,"Anna Metzger",NA,"LPOLY"
"214",209,"Red","6/13/2023","West Turtle A","West Turtle","Lydia","scallop","rope","BIVL","SCAL",1,1.278,1.269,1.282,"2.18905704182288",NA,"Anna Metzger",NA,"LPOLY"
"215",210,"Red","6/13/2023","West Turtle A","West Turtle","Lydia","grass shrimp","rope","CARD","PALA",1,NA,NA,NA,NA,NA,"Anna Metzger","no picture","WPOLY"
"216",211,"Red","6/13/2023","West Turtle A","West Turtle","Lydia","clinging crab","rope","MTHR","CLNG",1,0.272,0.336,0.07,"0.959391954795594",NA,"Anna Metzger",NA,"LPOLY"
"217",212,"Red","6/13/2023","West Turtle A","West Turtle","Lydia","snail","rope","GAST","OSNL",1,0.476,0.261,0.068,"0.79954040485267",NA,"Anna Metzger",NA,"LM"
"218",213,"Red","6/13/2023","West Turtle A","West Turtle","Lydia","polychaete","rope","POLY","POLY",1,7.543,0.14,1.235,"7.6815896776537",NA,"Anna Metzger",NA,"LM"
"219",214,"Red","6/13/2023","West Turtle A","West Turtle","Lydia","peanut worm","rope","SIPN","SIPN",1,1.4,0.344,0.428,"-0.0830276845122168",NA,"Anna Metzger",NA,"LPOLY"
"220",215,"Red","6/13/2023","West Turtle A","West Turtle","Lydia","peanut worm","rope","SIPN","SIPN",1,1.929,0.28,0.378,"-0.678751536479378",NA,"Anna Metzger",NA,"LPOLY"
"221",216,"Red","6/13/2023","West Turtle A","West Turtle","Lydia","brittle star","rope","OPHR","OPHR",1,0.428,0.427,0.125,"0.174945037392208",NA,"Anna Metzger",NA,"WPOLY"
"222",217,"Red","6/13/2023","West Turtle A","West Turtle","Lydia","brittle star","rope","OPHR","OPHR",1,0.387,0.333,0.096,"0.199838510175385",NA,"Anna Metzger",NA,"WPOLY"
"223",218,"Red","6/13/2023","West Turtle A","West Turtle","Lydia","snapping shrimp","rope","CARD","SNAP",1,0.961,0.215,0.208,"1.01593087179133",NA,"Anna Metzger",NA,"LM"
"224",219,"Red","6/13/2023","West Turtle A","West Turtle","Lydia","decorator crab","wood","MTHR","DECO",1,0.632,1.215,NA,"0.285556318840485",NA,"Anna Metzger","hard to see","LPOLY"
"225",220,"Red","6/13/2023","West Turtle A","West Turtle","Lydia","snail","none","GAST","OSNL",1,2.021,1.346,1.69,"2.34454040485267",NA,"Anna Metzger",NA,"LM"
"226",221,"Red","6/13/2023","West Turtle A","West Turtle","Lydia","unk decorator","none","DROM","DROM",1,1.257,2.124,1.988,"NA",NA,"Anna Metzger","sponge crab?",NA
"227",222,"Red","6/13/2023","West Turtle A","West Turtle","Lydia","brittle star","none","OPHR","OPHR",1,0.446,0.376,0.095,"0.189696084886058",NA,"Anna Metzger",NA,"WPOLY"
"228",223,"Red","6/13/2023","West Turtle A","West Turtle","Lydia","scallop","none","BIVL","SCAL",1,1.643,1.607,2.074,"2.92389808947721",NA,"Anna Metzger",NA,"LPOLY"
"229",224,"Red","6/13/2023","West Turtle A","West Turtle","Lydia","peanut worm","none","SIPN","SIPN",1,1.423,0.341,0.379,"-0.104028433468734",NA,"Anna Metzger",NA,"LPOLY"
"230",225,"Red","6/13/2023","West Turtle A","West Turtle","Lydia","clinging crab","none","MTHR","CLNG",1,0.374,0.536,0.137,"1.06681943504345",NA,"Anna Metzger",NA,"LPOLY"
"231",226,"Red","6/13/2023","West Turtle A","West Turtle","Lydia","brittle star","none","OPHR","OPHR",1,0.379,0.428,0.135,"0.174626279621841",NA,"Anna Metzger",NA,"WPOLY"
"232",227,"Red","6/13/2023","West Turtle A","West Turtle","Lydia","brittle star","none","OPHR","OPHR",1,0.572,0.557,0.281,"0.123985828982612",NA,"Anna Metzger",NA,"WPOLY"
"233",228,"Red","6/13/2023","West Turtle A","West Turtle","Lydia","brittle star","none","OPHR","OPHR",1,0.317,0.295,0.074,"0.207054135311815",NA,"Anna Metzger",NA,"WPOLY"
"234",229,"Red","6/13/2023","West Turtle A","West Turtle","Lydia","unk crab","none","PLMN","PLMN",1,0.485,0.634,0.245,"2.2370312045125",NA,"Anna Metzger","pea crab?","LM"
"235",230,"Red","6/13/2023","West Turtle A","West Turtle","Lydia","clinging crab","none","MTHR","CLNG",1,0.34,0.366,0.087,"1.03618880697966",NA,"Anna Metzger",NA,"LPOLY"
"236",231,"Red","6/13/2023","West Turtle A","West Turtle","Lydia","clinging crab","none","MTHR","CLNG",1,0.303,0.332,0.68,"0.996971391831755",NA,"Anna Metzger",NA,"LPOLY"
"237",232,"Red","6/14/2023","11 Mound A & B","11 Mound","Lydia, Ashley","mithrax","none","MTHR","CLNG",1,0.796,0.789,0.547,"1.01598086647553",NA,"Anna Metzger",NA,"LPOLY"
"238",233,"Red","6/14/2023","11 Mound A & B","11 Mound","Lydia, Ashley","brittle star","none","OPHR","OPHR",1,0.301,0.205,0.072,"0.217603616131761",NA,"Anna Metzger",NA,"WPOLY"
"239",234,"Red","6/14/2023","11 Mound A & B","11 Mound","Lydia, Ashley","brittle star","none","OPHR","OPHR",1,0.282,0.297,0.084,"0.206715241553174",NA,"Anna Metzger",NA,"WPOLY"
"240",235,"Red","6/14/2023","11 Mound A & B","11 Mound","Lydia, Ashley","brittle star","none","OPHR","OPHR",1,0.283,0.184,0.045,"0.218741801629683",NA,"Anna Metzger",NA,"WPOLY"
"241",236,"Red","6/14/2023","11 Mound A & B","11 Mound","Lydia, Ashley","clinging crab","none","MTHR","CLNG",1,0.546,0.534,0.307,"1.14241202991494",NA,"Anna Metzger",NA,"LPOLY"
"242",237,"Red","6/14/2023","11 Mound A & B","11 Mound","Lydia, Ashley","clinging crab","none","MTHR","CLNG",1,0.397,0.455,0.162,"1.08460371134755",NA,"Anna Metzger",NA,"LPOLY"
"243",238,"Red","6/14/2023","11 Mound A & B","11 Mound","Lydia, Ashley","clinging crab","none","MTHR","CLNG",1,0.648,0.694,0.362,"1.12464088311931",NA,"Anna Metzger",NA,"LPOLY"
"244",239,"Red","6/14/2023","11 Mound A & B","11 Mound","Lydia, Ashley","clinging crab","none","MTHR","CLNG",1,0.264,0.407,0.082,"0.948995202519852",NA,"Anna Metzger",NA,"LPOLY"
"245",240,"Red","6/14/2023","11 Mound A & B","11 Mound","Lydia, Ashley","mithrax","none","MTHR","CLNG",1,0.686,0.759,0.455,"1.10610426052121",NA,"Anna Metzger",NA,"LPOLY"
"246",241,"Red","6/14/2023","11 Mound A & B","11 Mound","Lydia, Ashley","crab (red)","none","MTHR","CLNG",1,0.3,0.402,0.089,"0.993522819475664",NA,"Anna Metzger",NA,"LPOLY"
"247",242,"Red","6/14/2023","11 Mound A & B","11 Mound","Lydia, Ashley","snail","none","GAST","OSNL",1,2.307,1.173,1.604,"2.63054040485267",NA,"Anna Metzger",NA,"LM"
"248",243,"Red","6/14/2023","11 Mound A & B","11 Mound","Lydia, Ashley","snail","trap","GAST","OSNL",1,0.518,0.182,0.076,"0.84154040485267",NA,"Anna Metzger",NA,"LM"
"249",244,"Red","6/14/2023","11 Mound A & B","11 Mound","Lydia, Ashley","wood worm","trap","BIVL","TERE",1,6.153,0.248,1.659,"0.017",NA,"Anna Metzger",NA,"MEDIAN"
"250",245,"Red","6/14/2023","11 Mound A & B","11 Mound","Lydia, Ashley","polychaete","trap","POLY","POLY",1,3.18,0.263,0.932,"3.3185896776537",NA,"Anna Metzger","worm in two","LM"
"251",246,"Red","6/14/2023","11 Mound A & B","11 Mound","Lydia, Ashley","peanut worm","trap","SIPN","SIPN",1,0.638,0.442,0.25,"0.360871220156875",NA,"Anna Metzger",NA,"LPOLY"
"252",247,"Red","6/14/2023","11 Mound A & B","11 Mound","Lydia, Ashley","polychaete","trap","POLY","POLY",1,NA,NA,NA,NA,NA,"Anna Metzger","no photo","LM"
"253",248,"Red","6/14/2023","11 Mound A & B","11 Mound","Lydia, Ashley","crab (red)","trap","MTHR","CLNG",1,0.376,0.54,0.162,"1.06845996753104",NA,"Anna Metzger",NA,"LPOLY"
"254",249,"Red","6/14/2023","11 Mound A & B","11 Mound","Lydia, Ashley","decorator crab","trap","MTHR","DECO",1,0.809,0.99,0.733,"0.186078237937317",NA,"Anna Metzger",NA,"LPOLY"
"255",250,"Red","6/14/2023","11 Mound A & B","11 Mound","Lydia, Ashley","amphipod","trap","AMPH","AMPH",1,0.703,0.077,0.056,"0.0315",NA,"Anna Metzger",NA,"MEDIAN"
"256",251,"Red","6/14/2023","11 Mound A & B","11 Mound","Lydia, Ashley","snail","trap","GAST","OSNL",1,0.453,0.311,0.091,"0.77654040485267",NA,"Anna Metzger",NA,"LM"
"257",252,"Red","6/14/2023","11 Mound A & B","11 Mound","Lydia, Ashley","shrimp","none","CARD","PALA",1,0.988,0.188,0.136,"0.706389720252866",NA,"Anna Metzger",NA,"WPOLY"
"258",253,"Red","6/14/2023","11 Mound A & B","11 Mound","Lydia, Ashley","clinging crab","trap","MTHR","CLNG",1,0.205,0.315,0.044,"0.863465029455792",NA,"Anna Metzger",NA,"LPOLY"
"259",254,"Red","6/14/2023","11 Mound A & B","11 Mound","Lydia, Ashley","polychaete","trap","POLY","POLY",1,2.915,0.146,0.402,"3.0535896776537",NA,"Anna Metzger",NA,"LM"
"260",255,"Red","6/14/2023","11 Mound A & B","11 Mound","Lydia, Ashley","mithrax","trap","MTHR","CLNG",1,0.627,0.608,0.306,"1.13210963261704",NA,"Anna Metzger",NA,"LPOLY"
"261",256,"Red","6/14/2023","11 Mound A & B","11 Mound","Lydia, Ashley","snail","trap","GAST","OSNL",1,0.749,0.336,0.155,"1.07254040485267",NA,"Anna Metzger",NA,"LM"
"262",256.1,NA,"6/14/2023","11 Mound A & B","11 Mound","Lydia, Ashley","snail",NA,"GAST","OSNL",1,NA,NA,NA,NA,NA,"Anna Metzger",NA,"LM"
"263",257,"Red","6/14/2023","11 Mound A & B","11 Mound","Lydia, Ashley","polychaete","trap","POLY","POLY",1,4.87,0.14,0.728,"5.0085896776537",NA,"Anna Metzger",NA,"LM"
"264",258,"Red","6/14/2023","11 Mound A & B","11 Mound","Lydia, Ashley","polychaete","trap","POLY","POLY",1,7.398,0.154,1.295,"7.5365896776537",NA,"Anna Metzger",NA,"LM"
"265",259,"Red","6/14/2023","11 Mound A & B","11 Mound","Lydia, Ashley","polychaete","trap","POLY","POLY",1,3.192,0.223,0.546,"3.3305896776537",NA,"Anna Metzger",NA,"LM"
"266",260,"Red","6/14/2023","11 Mound A & B","11 Mound","Lydia, Ashley","polychaete","trap","POLY","POLY",1,NA,NA,NA,NA,NA,"Anna Metzger","no picture","LM"
"267",261,"Red","6/14/2023","11 Mound A & B","11 Mound","Lydia, Ashley","spagetti worm","trap","POLY","TERB",1,1.639,0.088,NA,"-2.85618162510754",NA,"Anna Metzger","area hard to get","LPOLY"
"268",262,"Red","6/14/2023","11 Mound A & B","11 Mound","Lydia, Ashley","crab","trap","MTHR","CLNG",1,0.311,0.242,0.068,"1.00597047802629",NA,"Anna Metzger",NA,"LPOLY"
"269",263,"Red","6/14/2023","11 Mound A & B","11 Mound","Lydia, Ashley","crab","trap","XNTH","XNTH",1,0.268,0.448,0.099,"0.416",NA,"Anna Metzger",NA,"MEDIAN"
"270",263.1,NA,"6/14/2023","11 Mound A & B","11 Mound","Lydia, Ashley","crab (red)","none","MTHR","CLNG",1,0.364,0.47,0.115,"1.05834799066678",NA,"Anna Metzger",NA,"LPOLY"
"271",264,"Red","6/14/2023","11 Mound A & B","11 Mound","Lydia, Ashley","snapping shrimp","trap","CARD","SNAP",1,0.977,0.123,0.082,"1.03193087179133",NA,"Anna Metzger",NA,"LM"
"272",265,"Red","6/14/2023","11 Mound A & B","11 Mound","Lydia, Ashley","snapping shrimp","trap","CARD","SNAP",1,0.454,0.077,0.029,"0.508930871791328",NA,"Anna Metzger",NA,"LM"
"273",266,"Red","6/14/2023","11 Mound A & B","11 Mound","Lydia, Ashley","snail","trap","GAST","OSNL",1,0.576,0.181,0.072,"0.89954040485267",NA,"Anna Metzger",NA,"LM"
"274",267,"Red","6/14/2023","11 Mound A & B","11 Mound","Lydia, Ashley","peanut worm","trap","SIPN","SIPN",1,2.111,0.216,0.431,"-0.938193483731542",NA,"Anna Metzger",NA,"LPOLY"
"275",268,"Red","6/14/2023","11 Mound A & B","11 Mound","Lydia, Ashley","polychaete","trap","POLY","POLY",1,3.597,0.186,0.57,"3.7355896776537",NA,"Anna Metzger",NA,"LM"
"276",269,"Red","6/14/2023","11 Mound A & B","11 Mound","Lydia, Ashley","polychaete","trap","POLY","POLY",1,3.295,0.208,0.657,"3.4335896776537",NA,"Anna Metzger","folded in half","LM"
"277",270,"Red","6/14/2023","11 Mound A & B","11 Mound","Lydia, Ashley","unk worm","trap","POLY","POLY",1,2.418,0.141,0.482,"2.5565896776537",NA,"Anna Metzger",NA,"LM"
"278",271,"Red","6/14/2023","11 Mound A & B","11 Mound","Lydia, Ashley","hairy crab","trap debris","PLMN","PLMN",1,0.385,0.607,0.173,"2.1370312045125",NA,"Anna Metzger",NA,"LM"
"279",272,"Red","6/14/2023","11 Mound A & B","11 Mound","Lydia, Ashley","clinging crab","trap debris","MTHR","CLNG",1,NA,NA,NA,NA,NA,"Anna Metzger","no picture","LPOLY"
"280",273,"Red","6/14/2023","11 Mound A & B","11 Mound","Lydia, Ashley","crab","wood slat","XNTH","XNTH",1,0.186,0.191,0.027,"0.416",NA,"Anna Metzger",NA,"MEDIAN"
"281",274,"Red","6/14/2023","11 Mound A & B","11 Mound","Lydia, Ashley","decorator crab","none","MTHR","DECO",1,0.63,0.603,0.264,"0.286368297897246",NA,"Anna Metzger",NA,"LPOLY"
"282",275,"Red","6/14/2023","11 Mound A & B","11 Mound","Lydia, Ashley","clinging crab","wood slat","MTHR","CLNG",1,0.262,0.248,0.053,"0.946351217461134",NA,"Anna Metzger",NA,"LPOLY"
"283",276,"Red","6/14/2023","11 Mound A & B","11 Mound","Lydia, Ashley","brittle star","tile","OPHR","OPHR",1,0.621,0.541,0.196,"0.131293256519104",NA,"Anna Metzger",NA,"WPOLY"
"284",277,"Red","6/14/2023","11 Mound A & B","11 Mound","Lydia, Ashley","decorator crab","wood slat","MTHR","DECO",1,0.456,0.541,0.198,"0.330315667185832",NA,"Anna Metzger",NA,"LPOLY"
"285",278,"Red","6/14/2023","11 Mound A & B","11 Mound","Lydia, Ashley","clinging crab","wood slat","MTHR","CLNG",1,0.336,0.594,0.255,"1.03224474655569",NA,"Anna Metzger","strange angle","LPOLY"
"286",279,"Red","6/14/2023","11 Mound A & B","11 Mound","Lydia, Ashley","snail","none","GAST","OSNL",1,3.653,1.737,4.007,"3.97654040485267",NA,"Anna Metzger",NA,"LM"
"287",280,"Red","6/14/2023","11 Mound A & B","11 Mound","Lydia, Ashley","polychaete","wood slat","POLY","POLY",1,2.251,0.175,0.329,"2.3895896776537",NA,"Anna Metzger",NA,"LM"
"288",281,"Red","6/14/2023","11 Mound A & B","11 Mound","Lydia, Ashley","decorator crab","concrete block","MTHR","DECO",1,0.76,0.544,0.257,"0.219084643013596",NA,"Anna Metzger",NA,"LPOLY"
"289",282,"Red","6/14/2023","11 Mound A & B","11 Mound","Lydia, Ashley","decorator crab","concrete block","MTHR","DECO",1,1.054,0.707,0.654,"-0.041742027616298",NA,"Anna Metzger",NA,"LPOLY"
"290",283,"Red","6/14/2023","11 Mound A & B","11 Mound","Lydia, Ashley","polychaete","concrete block","POLY","POLY",1,NA,NA,NA,NA,NA,"Anna Metzger",NA,"LM"
"291",284,"Red","6/14/2023","11 Mound A & B","11 Mound","Lydia, Ashley","red sponge crab","concrete block","DROM","DROM",1,0.375,0.489,0.154,"NA",NA,"Anna Metzger",NA,NA
"292",285,"Red","6/14/2023","11 Mound A & B","11 Mound","Lydia, Ashley","polychaete","metal bar","POLY","POLY",1,0.162,0.251,0.04,"0.300589677653701",NA,"Anna Metzger",NA,"LM"
"293",285.1,"Red","6/14/2023","11 Mound A & B","11 Mound","Lydia, Ashley","crab","none","XNTH","XNTH",1,3.915,0.096,0.51,"0.416",NA,"Anna Metzger",NA,"MEDIAN"
"294",286,"Red","6/14/2023","11 Mound A & B","11 Mound","Lydia, Ashley","limpet","metal bar","GAST","LIMP",1,1.131,0.692,0.642,"0.484829984444242",NA,"Anna Metzger",NA,"WLM"
"295",287,"Red","6/14/2023","11 Mound A & B","11 Mound","Lydia, Ashley","sea star","none","ASTR","OSTR",1,0.822,0.883,0.589,"NA",NA,"Anna Metzger",NA,NA
"296",288,"Red","6/14/2023","11 Mound A & B","11 Mound","Lydia, Ashley","polychaete","mesh bag","POLY","POLY",1,1.184,0.374,0.347,"1.3225896776537",NA,"Anna Metzger","Very faint photo","LM"
"297",289,"Red","6/14/2023","11 Mound A & B","11 Mound","Lydia, Ashley","shrimp","rope","CARD","PALA",1,1.525,0.163,0.228,"0.659094757300878",NA,"Anna Metzger",NA,"WPOLY"
"298",290,"Red","6/14/2023","11 Mound A & B","11 Mound","Lydia, Ashley","shrimp","rope","CARD","PALA",1,NA,NA,NA,NA,NA,"Anna Metzger",NA,"WPOLY"
"299",291,"Red","6/14/2023","11 Mound A & B","11 Mound","Lydia, Ashley","brittle star","rope","OPHR","OPHR",1,0.588,0.255,0.117,"0.212878237492394",NA,"Anna Metzger",NA,"WPOLY"
"300",292,"Red","6/14/2023","11 Mound A & B","11 Mound","Lydia, Ashley","hairy crab","rope","PLMN","PLMN",1,0.564,0.598,0.253,"2.3160312045125",NA,"Anna Metzger",NA,"LM"
"301",293,"Red","6/14/2023","11 Mound A & B","11 Mound","Lydia, Ashley","decorator crab","rope","MTHR","DECO",1,0.494,0.362,0.124,"0.32522288914571",NA,"Anna Metzger",NA,"LPOLY"
"302",294,"Red","6/14/2023","11 Mound A & B","11 Mound","Lydia, Ashley","amphipod","rope","AMPH","AMPH",1,0.732,0.211,0.108,"0.0315",NA,"Anna Metzger",NA,"MEDIAN"
"303",295,"Red","6/14/2023","11 Mound A & B","11 Mound","Lydia, Ashley","clinging crab","rope","MTHR","CLNG",1,0.223,0.376,0.081,"0.891211989483047",NA,"Anna Metzger",NA,"LPOLY"
"304",296,"Red","6/14/2023","11 Mound A & B","11 Mound","Lydia, Ashley","porcelein crab","rope","GLRH","PORC",1,0.408,0.316,0.115,"1.71563367922379",NA,"Anna Metzger",NA,"LPOLY"
"305",297,"Red","6/14/2023","11 Mound A & B","11 Mound","Lydia, Ashley","porcelein crab","rope","GLRH","PORC",1,NA,NA,NA,NA,NA,"Anna Metzger",NA,"LPOLY"
"306",298,"Red","6/14/2023","11 Mound A & B","11 Mound","Lydia, Ashley","decorator crab","rope","MTHR","DECO",1,0.96,0.401,0.242,"0.0580394126147753",NA,"Anna Metzger","extremely blurry","LPOLY"
"307",299,"Red","6/14/2023","11 Mound A & B","11 Mound","Lydia, Ashley","decorator crab","rope","MTHR","DECO",1,0.566,0.606,0.291,"0.308669585141243",NA,"Anna Metzger",NA,"LPOLY"
"308",300,"Red","6/14/2023","11 Mound A & B","11 Mound","Lydia, Ashley","clinging crab","none","MTHR","CLNG",1,0.316,0.374,0.107,"1.01144931668108",NA,"Anna Metzger",NA,"LPOLY"
"309",301,"Red","6/14/2023","11 Mound A & B","11 Mound","Lydia, Ashley","porcelein crab","none","GLRH","PORC",1,0.54,0.495,0.271,"2.14827844983909",NA,"Anna Metzger",NA,"LPOLY"
"310",301.1,NA,"6/14/2023","11 Mound A & B","11 Mound","Lydia, Ashley","polychaete","none","POLY","POLY",1,25.344,0.163,NA,"25.4825896776537",NA,"Anna Metzger","hard to get area","LM"
"311",302,"Red","6/14/2023","11 Mound A & B","11 Mound","Lydia, Ashley","brittle star","none","OPHR","OPHR",1,0.366,0.355,0.084,"0.194911649925804",NA,"Anna Metzger",NA,"WPOLY"
"312",303,"Red","6/14/2023","11 Mound A & B","11 Mound","Lydia, Ashley","night shrimp","none","CARD","PROC",1,1.168,0.189,0.235,"0.165",NA,"Anna Metzger",NA,"MEDIAN"
"313",304,"Red","6/14/2023","11 Mound A & B","11 Mound","Lydia, Ashley","brittle star","none","OPHR","OPHR",1,0.251,0.331,0.093,"0.200259155904789",NA,"Anna Metzger",NA,"WPOLY"
"314",305,"Red","6/14/2023","11 Mound A & B","11 Mound","Lydia, Ashley","crab","none","MTHR","CLNG",1,0.358,0.537,0.164,"1.05305009848983",NA,"Anna Metzger",NA,"LPOLY"
"315",306,"Red","6/14/2023","11 Mound A & B","11 Mound","Lydia, Ashley","crab","none","GLRH","PORC",1,0.544,0.453,0.179,"2.16180865684989",NA,"Anna Metzger",NA,"LPOLY"
"316",307,"Red","6/14/2023","11 Mound A & B","11 Mound","Lydia, Ashley","clinging crab","none","MTHR","CLNG",1,0.304,0.295,0.07,"0.998111956552496",NA,"Anna Metzger",NA,"LPOLY"
"317",308,"Red","6/14/2023","11 Mound A & B","11 Mound","Lydia, Ashley","decorator crab","none","MTHR","DECO",1,0.459,0.867,0.494,"0.33000513380851",NA,"Anna Metzger",NA,"LPOLY"
"318",308.1,"Red","6/14/2023","11 Mound A & B","11 Mound","Lydia, Ashley","clinging crab","none","MTHR","CLNG",1,0.245,0.336,0.062,"0.92315387307705",NA,"Anna Metzger",NA,"LPOLY"
"319",309,"Red","6/14/2023","11 Mound A & B","11 Mound","Lydia, Ashley","brittle star","none","OPHR","OPHR",1,0.302,0.267,0.056,"0.211321761436668",NA,"Anna Metzger",NA,"WPOLY"
"320",310,"Red","6/15/2023","Stag Party A & B","Stag Party","Lydia","brittle star","wood slat","OPHR","OPHR",1,0.204,0.148,0.027,"0.219528011185599",NA,"Anna Metzger",NA,"WPOLY"
"321",311,"Red","6/15/2023","Stag Party A & B","Stag Party","Lydia","worm","wood slat","POLY","POLY",1,1.086,0.109,0.103,"1.2245896776537",NA,"Anna Metzger",NA,"LM"
"322",312,"Red","6/15/2023","Stag Party A & B","Stag Party","Lydia","polychaete","wood slat","POLY","POLY",1,1.117,0.077,0.104,"1.2555896776537",NA,"Anna Metzger",NA,"LM"
"323",313,"Red","6/15/2023","Stag Party A & B","Stag Party","Lydia","urchin","wood slat","ECHN","TOXO",1,0.472,0.553,0.205,"0.049",NA,"Anna Metzger",NA,"MEDIAN"
"324",314,"Red","6/15/2023","Stag Party A & B","Stag Party","Lydia","urchin","wood slat","ECHN","TOXO",1,0.364,0.343,0.096,"0.049",NA,"Anna Metzger",NA,"MEDIAN"
"325",315,"Red","6/15/2023","Stag Party A & B","Stag Party","Lydia","limpet","wood slat","GAST","LIMP",1,0.628,0.333,0.197,"0.0952285886144175",NA,"Anna Metzger",NA,"WLM"
"326",316,"Red","6/15/2023","Stag Party A & B","Stag Party","Lydia","peanut worm","cloth","SIPN","SIPN",1,NA,NA,NA,NA,NA,"Anna Metzger","no picture","LPOLY"
"327",317,"Red","6/15/2023","Stag Party A & B","Stag Party","Lydia","feather duster","glass","POLY","SABE",1,NA,NA,NA,NA,NA,"Anna Metzger","no picture","LPOLY"
"328",318,"Red","6/15/2023","Stag Party A & B","Stag Party","Lydia","porites","glass bottle","HCOR","PSP",1,NA,NA,NA,"NA",NA,"Anna Metzger","no picture",NA
"329",319,"Red","6/15/2023","Stag Party A & B","Stag Party","Lydia","polychaete","glass bottle","POLY","POLY",1,2.242,0.091,0.226,"2.3805896776537",NA,"Anna Metzger",NA,"LM"
"330",320,"Red","6/15/2023","Stag Party A & B","Stag Party","Lydia","polychaete","glass bottle","POLY","POLY",1,1.615,0.087,0.164,"1.7535896776537",NA,"Anna Metzger",NA,"LM"
"331",321,"Red","6/15/2023","Stag Party A & B","Stag Party","Lydia","polychaete","trap mesh","POLY","POLY",1,3.554,0.164,0.537,"3.6925896776537",NA,"Anna Metzger",NA,"LM"
"332",322,"Red","6/15/2023","Stag Party A & B","Stag Party","Lydia","polychaete","wood slat","POLY","POLY",1,3.072,0.074,0.275,"3.2105896776537",NA,"Anna Metzger",NA,"LM"
"333",323,"Red","6/15/2023","Stag Party A & B","Stag Party","Lydia","polychaete","wood slat","POLY","POLY",1,1.193,0.057,0.079,"1.3315896776537",NA,"Anna Metzger",NA,"LM"
"334",324,"Red","6/15/2023","Stag Party A & B","Stag Party","Lydia","polychaete","wood slat","POLY","POLY",1,NA,NA,NA,NA,NA,"Anna Metzger",NA,"LM"
"335",325,"Red","6/15/2023","Stag Party A & B","Stag Party","Lydia","brittle star","wood slat","OPHR","OPHR",1,0.159,0.172,0.021,"0.219167375423182",NA,"Anna Metzger",NA,"WPOLY"
"336",326,"Red","6/15/2023","Stag Party A & B","Stag Party","Lydia","polychaete","wood slat","POLY","POLY",1,1.989,0.106,0.175,"2.1275896776537",NA,"Anna Metzger",NA,"LM"
"337",327,"Red","6/15/2023","Stag Party A & B","Stag Party","Lydia","limpet","concrete","GAST","LIMP",1,0.362,0.464,0.135,"0.237395114669312",NA,"Anna Metzger","double check","WLM"
"338",328,"Red","6/15/2023","Stag Party A & B","Stag Party","Lydia","polychaete","rope","POLY","POLY",1,0.903,0.045,0.05,"1.0415896776537",NA,"Anna Metzger",NA,"LM"
"339",329,"Red","6/15/2023","Stag Party A & B","Stag Party","Lydia","brittle star","rope","OPHR","OPHR",1,0.095,0.097,0.008,"0.218122825457333",NA,"Anna Metzger",NA,"WPOLY"
"340",330,"Red","6/15/2023","Stag Party A & B","Stag Party","Lydia","peanut worm","rope","SIPN","SIPN",1,1.214,0.181,0.161,"0.0704362001547848",NA,"Anna Metzger",NA,"LPOLY"
"341",331,"Red","6/15/2023","Stag Party A & B","Stag Party","Lydia","polychaete","rope","POLY","POLY",1,2.792,0.347,0.702,"2.9305896776537",NA,"Anna Metzger",NA,"LM"
"342",332,"Red","6/15/2023","Stag Party A & B","Stag Party","Lydia","polychaete","rope","POLY","POLY",1,6.991,0.2,1.599,"7.1295896776537",NA,"Anna Metzger",NA,"LM"
"343",333,"Red","6/15/2023","Stag Party A & B","Stag Party","Lydia","decorator crab","weight belt","MTHR","DECO",1,0.518,0.613,0.247,"0.320709314573048",NA,"Anna Metzger",NA,"LPOLY"
"344",334,"Red","6/15/2023","Stag Party A & B","Stag Party","Lydia","polychaete","weight belt","POLY","POLY",1,1.112,0.102,0.13,"1.2505896776537",NA,"Anna Metzger",NA,"LM"
"345",335,"Red","6/15/2023","Stag Party A & B","Stag Party","Lydia","Lobster Shrimp/ Two Claw","weight belt","AXDE","AXDE",1,1.709,0.224,0.44,"NA",NA,"Anna Metzger","lobster shrimp",NA
"346",336,"Red","6/15/2023","Stag Party A & B","Stag Party","Lydia","clam","weight belt","BIVL","CLAM",1,NA,NA,NA,NA,NA,"Anna Metzger","no picture","WPOLY"
"347",337,"Red","6/15/2023","Stag Party A & B","Stag Party","Lydia","clinging crab","none","MTHR","CLNG",1,0.264,0.394,0.098,"0.948995202519852",NA,"Anna Metzger",NA,"LPOLY"
"348",338,"Red","6/15/2023","Stag Party A & B","Stag Party","Lydia","polychaete","none","POLY","POLY",1,10.878,0.204,2.854,"11.0165896776537",NA,"Anna Metzger",NA,"LM"
"349",339,"Red","6/15/2023","Stag Party A & B","Stag Party","Lydia","polychaete","none","POLY","POLY",1,6.68,0.16,1.134,"6.8185896776537",NA,"Anna Metzger",NA,"LM"
"350",340,"Red","6/15/2023","Stag Party A & B","Stag Party","Lydia","snapping shrimp","none","CARD","SNAP",1,0.746,0.117,0.068,"0.800930871791328",NA,"Anna Metzger",NA,"LM"
"351",341,"Red","6/15/2023","Stag Party A & B","Stag Party","Lydia","snapping shrimp","none","CARD","SNAP",1,1.356,0.193,0.184,"1.41093087179133",NA,"Anna Metzger",NA,"LM"
"352",342,"Red","6/15/2023","Stag Party A & B","Stag Party","Lydia","polychaete","none","POLY","POLY",1,2.428,0.067,0.182,"2.5665896776537",NA,"Anna Metzger",NA,"LM"
"353",343,"Red","6/15/2023","Stag Party A & B","Stag Party","Lydia","worm","none","SIPN","SIPN",1,1.132,0.368,0.304,"0.128839122265652",NA,"Anna Metzger","peanut?","LPOLY"
"354",344,"Red","6/15/2023","Stag Party A & B","Stag Party","Lydia","decorator crab","none","MTHR","DECO",1,0.841,0.893,0.701,"0.162263599407336",NA,"Anna Metzger",NA,"LPOLY"
"355",345,"Red","6/15/2023","Stag Party A & B","Stag Party","Lydia","polychaete","none","POLY","POLY",1,4.527,0.224,1.113,"4.6655896776537",NA,"Anna Metzger",NA,"LM"
"356",346,"Red","6/15/2023","Stag Party A & B","Stag Party","Lydia","brittle star","none","OPHR","OPHR",1,0.215,0.188,0.035,"0.218563609489289",NA,"Anna Metzger",NA,"WPOLY"
"357",347,"Red","6/15/2023","Stag Party A & B","Stag Party","Lydia","polychaete","none","POLY","POLY",1,2.105,0.09,0.201,"2.2435896776537",NA,"Anna Metzger",NA,"LM"
"358",348,"Red","6/15/2023","Stag Party A & B","Stag Party","Lydia","brittle star","none","OPHR","OPHR",1,0.704,0.689,0.412,"0.0526085344396549",NA,"Anna Metzger",NA,"WPOLY"
"359",349,"Red","6/15/2023","Stag Party A & B","Stag Party","Lydia","shrimp","none","CARD","PALA",1,1.116,0.164,0.124,"0.661036442335647",NA,"Anna Metzger",NA,"WPOLY"
