ID,Camera,Date,Sites,Location,Student Recorder,Organism,Debris,Code,Subcode,Count,Length,Width,Area,Biomass,Photo,ImageJ Measurement By,Notes
1,Red,5/12/2023,Coral Gardens,Coral Gardens,Key Dives,mantis shrimp,none,STOM,STOM,1,4.805,0.992,4.826,,,Anna Metzger,
2,Red,5/12/2023,Coral Gardens,Coral Gardens,Key Dives,decorator crab,concrete,MTHR,DECO,1,0.772,0.81,0.465,,,Anna Metzger,a little hard to see crab
3,Red,5/12/2023,Coral Gardens,Coral Gardens,Key Dives,chiton,wood,CHIT,CHIT,1,1.929,0.656,1.094,,,Anna Metzger,
4,Red,5/12/2023,Coral Gardens,Coral Gardens,Key Dives,mithrax,none,MTHR,CLNG,1,0.664,0.971,0.405,,,Anna Metzger,
5,Red,5/12/2023,Coral Gardens,Coral Gardens,Key Dives,mithrax,none,MTHR,CLNG,1,0.787,1.108,0.648,,,Anna Metzger,
6,Red,5/12/2023,Coral Gardens,Coral Gardens,Key Dives,snapping shrimp,none,CARD,SNAP,1,1.963,0.47,0.659,,,Anna Metzger,
7,Red,5/12/2023,Coral Gardens,Coral Gardens,Key Dives,brittle star,none,OPHR,OPHR,1,1.62,1.576,2.304,,,Anna Metzger,
8,Red,5/12/2023,Coral Gardens,Coral Gardens,Key Dives,orange striped shrimp,none,CARD,SNAP,1,1.409,0.301,0.326,,,Anna Metzger,very small but tried to get accurate as i could
9,Red,5/12/2023,Coral Gardens,Coral Gardens,Key Dives,brittle star,rope,OPHR,OPHR,1,0.92,0.915,0.681,,,Anna Metzger,
10,Red,5/12/2023,Coral Gardens,Coral Gardens,Key Dives,brittle star,rope,OPHR,OPHR,1,0.48,0.573,0.22,,,Anna Metzger,
11,Red,5/12/2023,Coral Gardens,Coral Gardens,Key Dives,brittle star,rope,OPHR,OPHR,1,0.905,0.948,0.825,,,Anna Metzger,
12,Red,5/12/2023,Coral Gardens,Coral Gardens,Key Dives,brittle star,rope,OPHR,OPHR,1,1.025,0.796,0.618,,,Anna Metzger,
13,Red,5/12/2023,Coral Gardens,Coral Gardens,Key Dives,brittle star,rope,OPHR,OPHR,1,0.916,0.839,0.475,,,Anna Metzger,
14,Red,5/12/2023,Coral Gardens,Coral Gardens,Key Dives,grass shrimp,rope,CARD,PALA,1,2.345,0.488,0.876,,,Anna Metzger,
15,Red,5/12/2023,Coral Gardens,Coral Gardens,Key Dives,grass shrimp,rope,CARD,PALA,1,1.958,0.453,0.725,,,Anna Metzger,
16,Red,5/12/2023,Coral Gardens,Coral Gardens,Key Dives,star coral,crab trap,HCOR,SSPP,1,0.935,0.406,0.345,,,Anna Metzger,
17,Red,5/12/2023,Coral Gardens,Coral Gardens,Key Dives,polychaete,none,POLY,POLY,1,6.303,0.532,2.061,,,Anna Metzger,
18,Red,5/12/2023,Coral Gardens,Coral Gardens,Key Dives,star coral,trap mesh,HCOR,SSPP,1,3.23,1.216,3.131,,,Anna Metzger,
19,Red,5/12/2023,Coral Gardens,Coral Gardens,Key Dives,green mithrax,none,MTHR,CLNG,1,1.126,1.218,0.883,,,Anna Metzger,
20,Red,5/12/2023,Coral Gardens,Coral Gardens,Key Dives,green mithrax,mesh bag,MTHR,CLNG,1,1.198,1.387,1.199,,,Anna Metzger,
21,Red,5/12/2023,Coral Gardens,Coral Gardens,Key Dives,snail,mesh bag,GAST,OSNL,1,1.099,1.001,1.034,,,Anna Metzger,
22,Red,5/12/2023,Coral Gardens,Coral Gardens,Key Dives,clinging crab,none,MTHR,CLNG,1,0.236,0.272,0.102,,,Anna Metzger,
23,Red,5/12/2023,Coral Gardens,Coral Gardens,Key Dives,hard coral,rope,HCOR,DICH,1,2.428,2.091,4.901,,,Anna Metzger,
24,Red,5/12/2023,Coral Gardens,Coral Gardens,Key Dives,hard coral,rope,HCOR,DICH,1,1.862,2.913,4.294,,,Anna Metzger,
25,Red,5/12/2023,Coral Gardens,Coral Gardens,Key Dives,mithrax,none,MTHR,CLNG,1,,,,,,Anna Metzger,could not find photo
26,Red,5/12/2023,Coral Gardens,Coral Gardens,Key Dives,porcelein crab,none,GLRH,PORC,1,0.734,0.78,0.444,,,Anna Metzger,
27,Red,5/12/2023,Coral Gardens,Coral Gardens,Key Dives,clinging crab,none,MTHR,CLNG,1,0.298,0.696,0.132,,,Anna Metzger,
28,Red,5/12/2023,Coral Gardens,Coral Gardens,Key Dives,porcelein crab,none,GLRH,PORC,1,0.808,0.784,0.479,,,Anna Metzger,
29,Red,5/12/2023,Coral Gardens,Coral Gardens,Key Dives,porcelein crab,none,GLRH,PORC,1,0.461,0.576,0.25,,,Anna Metzger,
30,Red,5/12/2023,Coral Gardens,Coral Gardens,Key Dives,porcelein crab,none,GLRH,PORC,1,0.394,0.63,0.118,,,Anna Metzger,
31,Red,5/12/2023,Coral Gardens,Coral Gardens,Key Dives,porcelein crab,trap bait well,GLRH,PORC,1,,,,,,Anna Metzger,I am not sure where organism is
32,Red,5/12/2023,Coral Gardens,Coral Gardens,Key Dives,porcelein crab,none,GLRH,PORC,1,0.958,1.089,0.818,,,Anna Metzger,
33,Red,5/12/2023,Coral Gardens,Coral Gardens,Key Dives,sponge crab,none,DROM,DROM,1,0.816,0.72,0.501,,,Anna Metzger,check
34,Red,5/12/2023,Coral Gardens,Coral Gardens,Key Dives,decorator crab,none,MTHR,DECO,1,0.591,0.622,0.408,,,Anna Metzger,
36,Black,6/9/2023,Karas A & B,Karas,Ashley,polychaete,trap throat,POLY,POLY,1,1.196,0.066,2.401,,P6100010,Kailyn ,
37,Black,6/9/2023,Karas A & B,Karas,Ashley,clinging crab,rope,MTHR,CLNG,1,0.784,0.748,2.322,,P6100027,Kailyn ,
38,Black,6/9/2023,Karas A & B,Karas,Ashley,clinging crab,rope,MTHR,CLNG,1,0.358,0.434,1.354,,P6100028,Kailyn ,
39,Black,6/9/2023,Karas A & B,Karas,Ashley,polychaete,rope,POLY,POLY,1,9.062,0.224,18.689,,P6100041,Kailyn ,
40,Black,6/9/2023,Karas A & B,Karas,Ashley,polychaete,rope,POLY,POLY,1,8.735,0.325,18.972,,P6100043,Kailyn ,
41,Black,6/9/2023,Karas A & B,Karas,Ashley,blue worm,rope,POLY,POLY,1,4.079,0.188,8.337,,P6100029,Kailyn ,
42,Black,6/9/2023,Karas A & B,Karas,Ashley,feather duster,rope,POLY,SABE,1,,,,,,Kailyn ,no photo (nothing comes up when I search it up as feather duster_42)
43,Black,6/9/2023,Karas A & B,Karas,Ashley,chiton,plexiglass,CHIT,CHIT,1,0.869,0.401,2.106,,P6100008,Kailyn ,
44,Black,6/9/2023,Karas A & B,Karas,Ashley,sea cucumber,fishing net,HOLO,HOLO,1,5.77,2.913,14.015,,P6100013,Kailyn ,
45,Black,6/9/2023,Karas A & B,Karas,Ashley,snail,fishing net,GAST,OSNL,1,1.585,1.039,3.771,,P6100015,Kailyn ,
46,Black,6/9/2023,Karas A & B,Karas,Ashley,snail,fishing net,GAST,OSNL,1,1.162,0.557,2.685,,P6100016,Kailyn ,
47,Black,6/9/2023,Karas A & B,Karas,Ashley,clinging crab,fishing net,MTHR,CLNG,1,0.498,0.497,1.675,,P6100034,Kailyn ,
48,Black,6/9/2023,Karas A & B,Karas,Ashley,spagetti worm,fishing net,POLY,TERB,1,4.51,0.282,8.974,,P6100018,Kailyn ,
49,Black,6/9/2023,Karas A & B,Karas,Ashley,spagetti worm,fishing net,POLY,TERB,1,8.965,0.474,17.803,,P6100019,Kailyn ,
50,Black,6/9/2023,Karas A & B,Karas,Ashley,spagetti worm,fishing net,POLY,TERB,1,1.778,0.452,3.846,,P6100020,Kailyn ,
51,Black,6/9/2023,Karas A & B,Karas,Ashley,spagetti worm,fishing net,POLY,TERB,1,5.318,0.538,10.757,,P6100022,Kailyn ,
52,Black,6/9/2023,Karas A & B,Karas,Ashley,polychaete,fishing net,POLY,POLY,1,6.078,0.196,12.517,,P6100026,Kailyn ,
53,Black,6/9/2023,Karas A & B,Karas,Ashley,polychaete,metal,POLY,POLY,1,2.205,0.22,4.344,,P6100030,Kailyn ,
54,Black,6/9/2023,Karas A & B,Karas,Ashley,snail,none,GAST,OSNL,1,1.082,0.51,2.515,,P6100017,Kailyn ,
55,Black,6/9/2023,Karas A & B,Karas,Ashley,chiton,none,CHIT,CHIT,1,2.034,0.77,4.892,,P6100052,Kailyn ,
56,Black,6/9/2023,Karas A & B,Karas,Ashley,fireworm,none,POLY,FIRE,1,0.515,0.093,1.096,,P6100023,Kailyn ,
57,Black,6/9/2023,Karas A & B,Karas,Ashley,brittle star,trap throat,OPHR,OPHR,1,0.276,0.254,0.849,,P6100032,Kailyn ,
58,Black,6/9/2023,Karas A & B,Karas,Ashley,brittle star,trap throat,OPHR,OPHR,1,0.192,0.187,0.471,,P6100035,Kailyn ,
59,Black,6/9/2023,Karas A & B,Karas,Ashley,brittle star,trap throat,OPHR,OPHR,1,0.507,0.477,1.53,,P6100066,Kailyn ,
60,Black,6/9/2023,Karas A & B,Karas,Ashley,clinging crab,trap throat,MTHR,CLNG,1,0.328,0.319,0.814,,P6100037,Kailyn ,
61,Black,6/9/2023,Karas A & B,Karas,Ashley,clinging crab,trap throat,MTHR,CLNG,1,0.342,0.281,0.921,,P6100040,Kailyn ,
62,Black,6/9/2023,Karas A & B,Karas,Ashley,clinging crab,trap throat,MTHR,CLNG,1,0.421,0.42,1.214,,P6100068,Kailyn ,
63,Black,6/9/2023,Karas A & B,Karas,Ashley,clinging crab,trap throat,MTHR,CLNG,1,0.47,0.302,1.213,,P6100070,Kailyn ,
64,Black,6/9/2023,Karas A & B,Karas,Ashley,polychaete,trap throat,POLY,POLY,1,1.428,0.206,3.106,,P6100056,Kailyn ,
65,Black,6/9/2023,Karas A & B,Karas,Ashley,polychaete,rope,POLY,POLY,1,2.958,0.095,5.748,,P6100038,Kailyn ,
66,Black,6/9/2023,Karas A & B,Karas,Ashley,fireworm,rope,POLY,FIRE,1,1.676,0.171,3.219,,P6100046,Kailyn ,
67,Black,6/9/2023,Karas A & B,Karas,Ashley,polychaete,rope,POLY,POLY,1,2.636,0.298,5.862,,P6100053,Kailyn ,
68,Black,6/9/2023,Karas A & B,Karas,Ashley,polychaete,fishing net,POLY,POLY,1,3.351,0.372,6.872,,P6100064,Kailyn ,
69,Black,6/9/2023,Karas A & B,Karas,Ashley,brittle star,none,OPHR,OPHR,1,0.583,0.533,1.889,,P6100047,Kailyn ,
70,Black,6/9/2023,Karas A & B,Karas,Ashley,brittle star,none,OPHR,OPHR,1,0.122,0.152,0.481,,P6100036,Kailyn ,
71,Black,6/9/2023,Karas A & B,Karas,Ashley,brittle star,none,OPHR,OPHR,1,0.514,0.439,1.798,,P6100048,Kailyn ,
72,Black,6/9/2023,Karas A & B,Karas,Ashley,clinging crab,none,MTHR,CLNG,1,0.559,0.548,1.81,,P6100051,Kailyn ,
73,Black,6/9/2023,Karas A & B,Karas,Ashley,crab,none,XNTH,XNTH,1,0.354,0.484,1.085,,P6100049,Kailyn ,
74,Black,6/9/2023,Karas A & B,Karas,Ashley,clinging crab,none,MTHR,CLNG,1,0.416,0.361,1.338,,P6100061,Kailyn ,
75,Black,6/9/2023,Karas A & B,Karas,Ashley,decorator crab,none,MTHR,DECO,1,0.668,0.582,1.69,,P6100072,Kailyn ,
76,Black,6/9/2023,Karas A & B,Karas,Ashley,crab,none,UNKN,CRAB,1,,,,,,Kailyn ,no photo (nothing comes up)
77,Black,6/9/2023,Karas A & B,Karas,Ashley,crab,none,UNKN,CRAB,1,,,,,,Kailyn ,no photo (nothing comes up)
78,Black,6/9/2023,Karas A & B,Karas,Ashley,polychaete,none,POLY,POLY,1,1.15,0.201,2.559,,P6100065,Kailyn ,
79,Black,6/9/2023,Karas A & B,Karas,Ashley,polychaete,none,POLY,POLY,1,0.229,10.409,20.885,,P6100045,Kailyn ,
80,Black,6/9/2023,Karas A & B,Karas,Ashley,polychaete,none,POLY,POLY,1,,,,,,Kailyn ,no photo (nothing comes up)
81,Black,6/9/2023,Karas A & B,Karas,Ashley,polychaete,none,POLY,POLY,1,,,,,,Kailyn ,no photo (nothing comes up)
82,Black,6/9/2023,Karas A & B,Karas,Ashley,green worm,none,SIPN,SIPN,1,1.118,0.252,2.329,,P6100054,Kailyn ,
83,Black,6/9/2023,Karas A & B,Karas,Ashley,spagetti worm,none,POLY,TERB,1,2.008,0.137,4.343,,P6100057,Kailyn ,
84,Black,6/9/2023,Karas A & B,Karas,Ashley,spagetti worm,none,POLY,TERB,1,0.095,3.013,5.964,,P6100071,Kailyn ,
85,Black,6/9/2023,Karas A & B,Karas,Ashley,amphipod,none,AMPH,AMPH,1,0.73,0.149,1.781,,P6100062,Kailyn ,
86,Black,6/9/2023,Karas A & B,Karas,Ashley,decorator crab,none,MTHR,DECO,1,0.299,0.286,0.758,,P6100033,Kailyn ,
87,Black,6/9/2023,Karas A & B,Karas,Ashley,decorator crab,none,MTHR,DECO,1,1.121,0.749,2.803,,P6100060,Kailyn ,
88,Black,6/9/2023,Karas A & B,Karas,Ashley,snapping shrimp,none,CARD,SNAP,1,1.151,0.245,2.265,,P6100063,Kailyn ,
89,Black,6/9/2023,Karas A & B,Karas,Ashley,clinging crab,none,MTHR,CLNG,1,0.278,0.271,0.077,,P6100055,Anna Metzger,
90,Black,6/9/2023,Karas A & B,Karas,Ashley,clinging crab,none,MTHR,CLNG,1,0.338,0.437,0.142,,P6100059,Anna Metzger,
90.1,Black,6/10/2023,Karas A & B,Karas,Ashley,snail,unknown,GAST,OSNL,1,1.128,0.634,0.508,,P6100021,Anna Metzger,
90.2,Black,6/11/2023,Karas A & B,Karas,Ashley,snail,unknown,GAST,OSNL,1,0.839,0.547,0.264,,P6100031,Anna Metzger,
91,Red,6/9/2023,Karas A & B,Karas,Lydia,snail,none,GAST,OSNL,1,1.755,0.708,0.783,,,Anna Metzger,
92,Red,6/9/2023,Karas A & B,Karas,Lydia,crab,none,XNTH,XNTH,1,0.635,0.919,0.614,,P6090093,Anna Metzger,
93,Red,6/9/2023,Karas A & B,Karas,Lydia,star coral,vinyl,HCOR,SSPP,1,1.533,1.309,1.499,,,Anna Metzger,
94,Red,6/9/2023,Karas A & B,Karas,Lydia,penaid shrimp,aluminum can,PENA,PENA,1,1.803,0.252,0.273,,,Anna Metzger,
95,Red,6/9/2023,Karas A & B,Karas,Lydia,snail,glass bottle,GAST,OSNL,1,0.907,0.576,0.33,,,Anna Metzger,
96,Red,6/9/2023,Karas A & B,Karas,Lydia,clam,weight pouch,BIVL,CLAM,1,0.731,1.11,0.61,,,Anna Metzger,
97,Red,6/9/2023,Karas A & B,Karas,Lydia,flat worm,weight pouch,PLYC,PLYC,1,2.773,0.497,1.102,,,Anna Metzger,
98,Red,6/9/2023,Karas A & B,Karas,Lydia,polychaete,weight pouch,POLY,POLY,1,14.978,0.31,5.043,,,Anna Metzger,
99,Red,6/9/2023,Karas A & B,Karas,Lydia,peppermint shrimp,bait well,CARD,PEPP,1,,,,,,Anna Metzger,no ruler
100,Red,6/9/2023,Karas A & B,Karas,Lydia,peppermint shrimp,bait well,CARD,PEPP,1,,,,,,Anna Metzger,no ruler
100.1,Red,6/9/2023,Karas A & B,Karas,None,anemone ,trap throat,ANME,ANME,1,,,,,P6090009,Anna Metzger,no ruler
101,Red,6/9/2023,Karas A & B,Karas,Lydia,fireworm,rope,POLY,FIRE,1,1.262,0.24,0.267,,,Anna Metzger,
102,Red,6/9/2023,Karas A & B,Karas,Lydia,brittle star,rope,OPHR,OPHR,1,0.266,0.305,0.068,,,Anna Metzger,
103,Red,6/9/2023,Karas A & B,Karas,Lydia,brittle star,rope,OPHR,OPHR,1,0.225,0.189,0.043,,,Anna Metzger,
104,Red,6/9/2023,Karas A & B,Karas,Lydia,brittle star,rope,OPHR,OPHR,1,0.207,0.227,0.071,,,Anna Metzger,
105,Red,6/9/2023,Karas A & B,Karas,Lydia,red worm,rope,POLY,POLY,1,1.889,0.053,0.131,,,Anna Metzger,
106,Red,6/9/2023,Karas A & B,Karas,Lydia,bristle worm,rope,POLY,POLY,1,0.303,0.243,0.049,,P6090090,Anna Metzger,
107,Red,6/9/2023,Karas A & B,Karas,Lydia,brittle star,fishing net,OPHR,OPHR,1,0.23,0.213,0.033,,P6090047,Anna Metzger,
108,Red,6/9/2023,Karas A & B,Karas,Lydia,brittle star,fishing net,OPHR,OPHR,1,0.277,0.255,0.044,,P6090053,Anna Metzger,
109,Red,6/9/2023,Karas A & B,Karas,Lydia,brittle star,fishing net,OPHR,OPHR,1,0.426,0.362,0.099,,P6090052,Anna Metzger,
110,Red,6/9/2023,Karas A & B,Karas,Lydia,brittle star,fishing net,OPHR,OPHR,1,0.388,0.432,0.223,,P6090091,Anna Metzger,
111,Red,6/9/2023,Karas A & B,Karas,Lydia,brittle star,fishing net,OPHR,OPHR,1,0.314,0.286,0.059,,P6090086,Anna Metzger,
112,Red,6/9/2023,Karas A & B,Karas,Lydia,brittle star,fishing net,OPHR,OPHR,1,0.259,0.246,0.046,,P6090045,Anna Metzger,
113,Red,6/9/2023,Karas A & B,Karas,Lydia,brittle star,fishing net,OPHR,OPHR,1,0.188,0.228,0.041,,P6090092,Anna Metzger,
114,Red,6/9/2023,Karas A & B,Karas,Lydia,brittle star,fishing net,OPHR,OPHR,1,0.395,0.311,0.11,,P6090051,Anna Metzger,
115,Red,6/9/2023,Karas A & B,Karas,Lydia,brittle star,fishing net,OPHR,OPHR,1,0.183,0.14,0.058,,P6090069,Anna Metzger,
116,Red,6/9/2023,Karas A & B,Karas,Lydia,brittle star,fishing net,OPHR,OPHR,1,0.293,0.185,0.024,,P6090082,Anna Metzger,
117,Red,6/9/2023,Karas A & B,Karas,Lydia,brittle star,fishing net,OPHR,OPHR,1,0.211,0.11,0.023,,P6090068,Anna Metzger,
118,Red,6/9/2023,Karas A & B,Karas,Lydia,brittle star,fishing net,OPHR,OPHR,1,0.18,0.218,0.043,,P6090081,Anna Metzger,
119,Red,6/9/2023,Karas A & B,Karas,Lydia,brittle star,fishing net,OPHR,OPHR,1,0.174,0.211,0.032,,P6090056,Anna Metzger,
120,Red,6/9/2023,Karas A & B,Karas,Lydia,brittle star,fishing net,OPHR,OPHR,1,0.226,0.295,0.037,,P6090064,Anna Metzger,
121,Red,6/9/2023,Karas A & B,Karas,Lydia,brittle star,fishing net,OPHR,OPHR,1,0.175,0.243,0.038,,P6090070,Anna Metzger,
122,Red,6/9/2023,Karas A & B,Karas,Lydia,brittle star,fishing net,OPHR,OPHR,1,0.228,0.8181,0.06,,P6090077,Anna Metzger,
123,Red,6/9/2023,Karas A & B,Karas,Lydia,brittle star,fishing net,OPHR,OPHR,1,0.247,0.217,0.04,,P6090083,Anna Metzger,
124,Red,6/9/2023,Karas A & B,Karas,Lydia,polychaete,fishing net,POLY,POLY,1,4.366,0.131,0.832,,polychaete1,Anna Metzger,
125,Red,6/9/2023,Karas A & B,Karas,Lydia,polychaete,fishing net,POLY,POLY,1,3.223,0.054,0.298,,P6090037,Anna Metzger,
126,Red,6/9/2023,Karas A & B,Karas,Lydia,polychaete,fishing net,POLY,POLY,1,2.082,0.077,0.228,,P6090041,Anna Metzger,either really tiny worm/half a worm
127,Red,6/9/2023,Karas A & B,Karas,Lydia,polychaete,fishing net,POLY,POLY,1,4.552,0.119,0.739,,P6090057,Anna Metzger,
128,Red,6/9/2023,Karas A & B,Karas,Lydia,polychaete,fishing net,POLY,POLY,1,2.95,0.154,0.4,,P6090080,Anna Metzger,
129,Red,6/9/2023,Karas A & B,Karas,Lydia,polychaete,fishing net,POLY,POLY,1,2.056,0.138,0.388,,P6090066,Anna Metzger,
130,Red,6/9/2023,Karas A & B,Karas,Lydia,polychaete,fishing net,POLY,POLY,1,4.093,0.178,0.88,,P6090072,Anna Metzger,
131,Red,6/9/2023,Karas A & B,Karas,Lydia,polychaete,fishing net,POLY,POLY,1,0.996,0.1,0.123,,P6090073,Anna Metzger,
132,Red,6/9/2023,Karas A & B,Karas,Lydia,polychaete,fishing net,POLY,POLY,1,1.285,0.084,0.119,,P6090059,Anna Metzger,
133,Red,6/9/2023,Karas A & B,Karas,Lydia,bristle worm,fishing net,POLY,POLY,1,0.588,0.071,0.067,,P6090048,Anna Metzger,
134,Red,6/9/2023,Karas A & B,Karas,Lydia,fireworm,fishing net,POLY,FIRE,1,1.286,0.106,0.15,,P6090067,Anna Metzger,
135,Red,6/9/2023,Karas A & B,Karas,Lydia,fireworm,fishing net,POLY,FIRE,1,0.911,0.148,0.171,,P6090071,Anna Metzger,
136,Red,6/9/2023,Karas A & B,Karas,Lydia,bristle worm,fishing net,POLY,POLY,1,1.811,0.078,0.26,,P6090074,Anna Metzger,
137,Red,6/9/2023,Karas A & B,Karas,Lydia,bristle worm,fishing net,POLY,POLY,1,0.968,0.065,0.071,,P6090060,Anna Metzger,
138,Red,6/9/2023,Karas A & B,Karas,Lydia,fireworm,fishing net,POLY,FIRE,1,0.635,0.115,0.078,,P6090061,Anna Metzger,
139,Red,6/9/2023,Karas A & B,Karas,Lydia,bristle worm,fishing net,POLY,POLY,1,0.823,0.149,0.143,,P6090075,Anna Metzger,
140,Red,6/9/2023,Karas A & B,Karas,Lydia,fireworm,fishing net,POLY,FIRE,1,3.243,0.311,0.595,,P6090049,Lydia,
141,Red,6/9/2023,Karas A & B,Karas,Lydia,bristle worm,fishing net,POLY,POLY,1,1.376,0.239,0.316,,P6090063,Lydia,
142,Red,6/9/2023,Karas A & B,Karas,Lydia,fireworm,fishing net,POLY,FIRE,1,1.384,0.255,0.239,,P6090039,Lydia,
143,Red,6/9/2023,Karas A & B,Karas,Lydia,polychaete,fishing net,POLY,POLY,1,1.492,0.188,0.205,,P6090088,Lydia,
144,Red,6/9/2023,Karas A & B,Karas,Lydia,spagetti worm,fishing net,POLY,TERB,1,5.497,0.538,1.543,,P6090076,Lydia,
145,Red,6/9/2023,Karas A & B,Karas,Lydia,peanut worm,fishing net,SIPN,SIPN,1,2.192,0.226,0.307,,P6090089,Lydia,
146,Red,6/9/2023,Karas A & B,Karas,Lydia,spagetti worm,fishing net,POLY,TERB,1,1.076,0.115,0.061,,P6090065,Lydia,
147,Red,6/9/2023,Karas A & B,Karas,Lydia,chiton,none,CHIT,CHIT,1,,,,,,Lydia,no photo
148,Red,6/9/2023,Karas A & B,Karas,Lydia,fireworm,none,POLY,FIRE,1,1.756,0.217,0.261,,P6090044,Lydia,
149,Red,6/9/2023,Karas A & B,Karas,Lydia,worm,none,POLY,POLY,1,0.835,0.183,0.037,,P6090050,Lydia,
150,Red,6/9/2023,Karas A & B,Karas,Lydia,fireworm,none,POLY,FIRE,1,2.839,0.233,0.432,,P6090055,Lydia,
151,Red,6/9/2023,Karas A & B,Karas,Lydia,fireworm,none,POLY,FIRE,1,1.274,0.224,0.167,,P6090039,Lydia,
152,Red,6/9/2023,Karas A & B,Karas,Lydia,fireworm,none,POLY,FIRE,1,0.536,0.194,0.061,,P6090054,Lydia,
153,Red,6/9/2023,Karas A & B,Karas,Lydia,fireworm,none,POLY,FIRE,1,1.04,0.219,0.167,,P6090043,Lydia,
154,Red,6/9/2023,Karas A & B,Karas,Lydia,clam,none,BIVL,CLAM,1,2.046,1.736,2.9,,P6090094,Lydia,
155,Red,6/9/2023,Karas A & B,Karas,Lydia,mussel,none,BIVL,MUSS,1,0.852,0.4,0.275,,P6090084,Lydia,
156,Red,6/9/2023,Karas A & B,Karas,Lydia,brittle star,jumpsuit,OPHR,OPHR,1,,,,,,Lydia,no photo
156.1,Red,6/9/2023,Karas A & B,Karas,Lydia,amphipod,none,AMPH,AMPH,1,0.951,0.228,0.142,,,Lydia,
157,Red,6/9/2023,Karas A & B,Karas,Lydia,amphipod,none,AMPH,AMPH,1,0.846,0.177,0.126,,,Anna Metzger,
158,Red,6/9/2023,Karas A & B,Karas,Lydia,amphipod,none,AMPH,AMPH,1,0.73,0.166,0.087,,,Anna Metzger,
159,Red,6/9/2023,Karas A & B,Karas,Lydia,amphipod,none,AMPH,AMPH,1,0.995,0.188,0.145,,,Anna Metzger,
160,Red,6/9/2023,Karas A & B,Karas,Lydia,amphipod,none,AMPH,AMPH,1,1.257,0.242,0.094,,,Anna Metzger,
161,Red,6/9/2023,Karas A & B,Karas,Lydia,amphipod,hat,AMPH,AMPH,1,0.804,0.169,0.153,,,Anna Metzger,
162,Red,6/9/2023,Karas A & B,Karas,Lydia,polychaete,hat,POLY,POLY,1,1.896,0.283,0.302,,,Lydia,
163,Red,6/9/2023,Karas A & B,Karas,Lydia,polychaete,hat,POLY,POLY,1,1.107,0.168,0.102,,,Lydia,
164,Red,6/9/2023,Karas A & B,Karas,Lydia,clinging crab,fish collection net,MTHR,CLNG,1,0.297,0.407,0.09,,,Lydia,
165,Red,6/9/2023,Karas A & B,Karas,Lydia,sponge crab,none,DROM,DROM,1,0.411,0.337,0.071,,,Lydia,
166,Red,6/9/2023,Karas A & B,Karas,Lydia,polychaete,none,POLY,POLY,1,0.848,0.18,0.076,,,Lydia,
167,Red,6/9/2023,Karas A & B,Karas,Lydia,polychaete,none,POLY,POLY,1,4.122,0.453,1.1,,,Lydia,
168,Red,6/9/2023,Karas A & B,Karas,Lydia,polychaete,none,POLY,POLY,1,2.547,0.403,0.562,,,Lydia,
169,Red,6/9/2023,Karas A & B,Karas,Lydia,crab,none,XNTH,XNTH,1,0.774,1.243,0.9,,,Lydia,
170,Red,6/9/2023,Karas A & B,Karas,Lydia,brittle star,none,OPHR,OPHR,1,0.679,0.717,0.246,,,Lydia,measurement without arms
171,Red,6/9/2023,Karas A & B,Karas,Lydia,spagetti worm,none,POLY,TERB,1,1.553,0.541,0.569,,,Lydia,
172,Red,6/9/2023,Karas A & B,Karas,Lydia,brittle star,none,OPHR,OPHR,1,0.239,0.211,0.052,,,Lydia,
173,Red,6/9/2023,Karas A & B,Karas,Lydia,orange striped shrimp,none,CARD,SNAP,1,3.204,0.715,1.28,,,Lydia,
174,Red,6/9/2023,Karas A & B,Karas,Lydia,scallop,none,BIVL,SCAL,1,1.758,1.631,2.016,,,Lydia,
175,Red,6/9/2023,Karas A & B,Karas,Lydia,crab,none,XNTH,XNTH,1,0.482,0.921,0.272,,,Lydia,
176,Red,6/9/2023,Karas A & B,Karas,Lydia,crab,none,XNTH,XNTH,1,0.387,0.513,0.158,,,Lydia,
177,Red,6/9/2023,Karas A & B,Karas,Lydia,shrimp,none,CARD,PALA,1,1.404,0.378,0.379,,,Lydia,
178,Red,6/9/2023,Karas A & B,Karas,Lydia,amphipod,none,AMPH,AMPH,1,0.854,0.221,0.135,,,Lydia,
179,Red,6/9/2023,Karas A & B,Karas,Lydia,decorator crab,none,MTHR,DECO,1,0.277,0.249,0.05,,,Lydia,
180,Red,6/9/2023,Karas A & B,Karas,Lydia,brittle star,none,OPHR,OPHR,1,0.266,0.261,0.053,,,Lydia,
181,Red,6/9/2023,Karas A & B,Karas,Lydia,fireworm,none,POLY,FIRE,1,3.085,0.325,0.806,,P6090030,Lydia,
182,Red,6/9/2023,Karas A & B,Karas,Lydia,brittle star,none,OPHR,OPHR,1,0.223,0.223,0.043,,,Lydia,
183,Red,6/9/2023,Karas A & B,Karas,Lydia,crab,none,XNTH,XNTH,1,0.378,0.564,0.198,,,Lydia,
184,Red,6/9/2023,Karas A & B,Karas,Lydia,crab,none,XNTH,XNTH,1,0.267,0.382,0.072,,,Lydia,
185,Red,6/9/2023,Karas A & B,Karas,Lydia,brittle star,none,OPHR,OPHR,1,0.33,0.289,0.076,,,Lydia,
186,Red,6/9/2023,Karas A & B,Karas,Lydia,bristle worm,none,POLY,POLY,1,1.651,0.272,0.553,,,Lydia,
187,Red,6/9/2023,Karas A & B,Karas,Lydia,bristle worm,none,POLY,POLY,1,1.83,0.243,0.546,,,Lydia,
187.1,Red,6/9/2023,Karas A & B,Karas,Lydia,grub sea cucumber,,HOLO,HOLO,1,0.491,0.414,0.165,,P6090036,Lydia,
187.2,Red,6/9/2023,Karas A & B,Karas,Lydia,grub sea cucumber,,HOLO,HOLO,1,0.79,0.462,0.23,,P6090079,Lydia,
188,Red,6/13/2023,West Turtle A,West Turtle,Lydia,spagetti worm,tire,POLY,TERB,1,4.715,0.465,2.533,,,Anna Metzger,
189,Red,6/13/2023,West Turtle A,West Turtle,Lydia,polychaete,tire,POLY,POLY,1,4.193,0.25,0.966,,,Anna Metzger,
190,Red,6/13/2023,West Turtle A,West Turtle,Lydia,snail,tire,GAST,OSNL,1,1.954,1.063,1.357,,,Anna Metzger,
191,Red,6/13/2023,West Turtle A,West Turtle,Lydia,flame clam,tire,POLY,FIRE,1,1.77,1.44,2.191,,,Anna Metzger,
192,Red,6/13/2023,West Turtle A,West Turtle,Lydia,flame clam,none,POLY,FIRE,1,1.718,1.504,2.073,,,Anna Metzger,
193,Red,6/13/2023,West Turtle A,West Turtle,Lydia,polychaete,wood slat,POLY,POLY,1,4.805,0.135,0.97,,,Anna Metzger,
194,Red,6/13/2023,West Turtle A,West Turtle,Lydia,brittle star,wood slat,OPHR,OPHR,1,0.179,0.212,0.03,,,Anna Metzger,
195,Red,6/13/2023,West Turtle A,West Turtle,Lydia,fire worm,wood slat,POLY,FIRE,1,1.174,0.284,0.252,,,Anna Metzger,
196,Red,6/13/2023,West Turtle A,West Turtle,Lydia,brittle star,wood slat,OPHR,OPHR,1,,,,,,Anna Metzger,no picture
197,Red,6/13/2023,West Turtle A,West Turtle,Lydia,polychaete,snorkel,POLY,POLY,1,2.413,0.038,0.154,,,Anna Metzger,
198,Red,6/13/2023,West Turtle A,West Turtle,Lydia,fire worm,metal,POLY,FIRE,1,0.425,0.071,0.063,,,Anna Metzger,
199,Red,6/13/2023,West Turtle A,West Turtle,Lydia,polychaete,metal,POLY,POLY,1,8.363,0.187,1.264,,,Anna Metzger,
200,Red,6/13/2023,West Turtle A,West Turtle,Lydia,polychaete,metal,POLY,POLY,1,13.407,0.342,3.96,,,Anna Metzger,
201,Red,6/13/2023,West Turtle A,West Turtle,Lydia,porites,trap mesh,HCOR,PSP,1,,,,,,Anna Metzger,no photo
202,Red,6/13/2023,West Turtle A,West Turtle,Lydia,agracia,trap mesh,HCOR,AGRS,1,,,,,,Anna Metzger,no photo
203,Red,6/13/2023,West Turtle A,West Turtle,Lydia,porites,trap mesh,HCOR,PSP,1,,,,,,Anna Metzger,no photo
204,Red,6/13/2023,West Turtle A,West Turtle,Lydia,brittle star,rope,OPHR,OPHR,1,0.406,0.419,0.139,,,Anna Metzger,
205,Red,6/13/2023,West Turtle A,West Turtle,Lydia,clinging crab,rope,MTHR,CLNG,1,0.388,0.409,0.123,,,Anna Metzger,
206,Red,6/13/2023,West Turtle A,West Turtle,Lydia,brittle star,rope,OPHR,OPHR,1,0.21,0.18,0.034,,,Anna Metzger,
207,Red,6/13/2023,West Turtle A,West Turtle,Lydia,montastrea,rope,HCOR,MSPP,1,,,,,,Anna Metzger,
208,Red,6/13/2023,West Turtle A,West Turtle,Lydia,scallop,rope,BIVL,SCAL,1,1.941,1.933,2.978,,,Anna Metzger,
209,Red,6/13/2023,West Turtle A,West Turtle,Lydia,scallop,rope,BIVL,SCAL,1,1.278,1.269,1.282,,,Anna Metzger,
210,Red,6/13/2023,West Turtle A,West Turtle,Lydia,grass shrimp,rope,CARD,PALA,1,,,,,,Anna Metzger,no picture
211,Red,6/13/2023,West Turtle A,West Turtle,Lydia,clinging crab,rope,MTHR,CLNG,1,0.272,0.336,0.07,,,Anna Metzger,
212,Red,6/13/2023,West Turtle A,West Turtle,Lydia,snail,rope,GAST,OSNL,1,0.476,0.261,0.068,,,Anna Metzger,
213,Red,6/13/2023,West Turtle A,West Turtle,Lydia,polychaete,rope,POLY,POLY,1,7.543,0.14,1.235,,,Anna Metzger,
214,Red,6/13/2023,West Turtle A,West Turtle,Lydia,peanut worm,rope,SIPN,SIPN,1,1.4,0.344,0.428,,,Anna Metzger,
215,Red,6/13/2023,West Turtle A,West Turtle,Lydia,peanut worm,rope,SIPN,SIPN,1,1.929,0.28,0.378,,,Anna Metzger,
216,Red,6/13/2023,West Turtle A,West Turtle,Lydia,brittle star,rope,OPHR,OPHR,1,0.428,0.427,0.125,,,Anna Metzger,
217,Red,6/13/2023,West Turtle A,West Turtle,Lydia,brittle star,rope,OPHR,OPHR,1,0.387,0.333,0.096,,,Anna Metzger,
218,Red,6/13/2023,West Turtle A,West Turtle,Lydia,snapping shrimp,rope,CARD,SNAP,1,0.961,0.215,0.208,,,Anna Metzger,
219,Red,6/13/2023,West Turtle A,West Turtle,Lydia,decorator crab,wood,MTHR,DECO,1,0.632,1.215,,,,Anna Metzger,hard to see
220,Red,6/13/2023,West Turtle A,West Turtle,Lydia,snail,none,GAST,OSNL,1,2.021,1.346,1.69,,,Anna Metzger,
221,Red,6/13/2023,West Turtle A,West Turtle,Lydia,unk decorator,none,DROM,DROM,1,1.257,2.124,1.988,,,Anna Metzger,sponge crab?
222,Red,6/13/2023,West Turtle A,West Turtle,Lydia,brittle star,none,OPHR,OPHR,1,0.446,0.376,0.095,,,Anna Metzger,
223,Red,6/13/2023,West Turtle A,West Turtle,Lydia,scallop,none,BIVL,SCAL,1,1.643,1.607,2.074,,,Anna Metzger,
224,Red,6/13/2023,West Turtle A,West Turtle,Lydia,peanut worm,none,SIPN,SIPN,1,1.423,0.341,0.379,,,Anna Metzger,
225,Red,6/13/2023,West Turtle A,West Turtle,Lydia,clinging crab,none,MTHR,CLNG,1,0.374,0.536,0.137,,,Anna Metzger,
226,Red,6/13/2023,West Turtle A,West Turtle,Lydia,brittle star,none,OPHR,OPHR,1,0.379,0.428,0.135,,,Anna Metzger,
227,Red,6/13/2023,West Turtle A,West Turtle,Lydia,brittle star,none,OPHR,OPHR,1,0.572,0.557,0.281,,,Anna Metzger,
228,Red,6/13/2023,West Turtle A,West Turtle,Lydia,brittle star,none,OPHR,OPHR,1,0.317,0.295,0.074,,,Anna Metzger,
229,Red,6/13/2023,West Turtle A,West Turtle,Lydia,unk crab,none,PLMN,PLMN,1,0.485,0.634,0.245,,,Anna Metzger,pea crab?
230,Red,6/13/2023,West Turtle A,West Turtle,Lydia,clinging crab,none,MTHR,CLNG,1,0.34,0.366,0.087,,,Anna Metzger,
231,Red,6/13/2023,West Turtle A,West Turtle,Lydia,clinging crab,none,MTHR,CLNG,1,0.303,0.332,0.68,,,Anna Metzger,
232,Red,6/14/2023,11 Mound A & B,11 Mound,"Lydia, Ashley",mithrax,none,MTHR,CLNG,1,0.796,0.789,0.547,,,Anna Metzger,
233,Red,6/14/2023,11 Mound A & B,11 Mound,"Lydia, Ashley",brittle star,none,OPHR,OPHR,1,0.301,0.205,0.072,,,Anna Metzger,
234,Red,6/14/2023,11 Mound A & B,11 Mound,"Lydia, Ashley",brittle star,none,OPHR,OPHR,1,0.282,0.297,0.084,,,Anna Metzger,
235,Red,6/14/2023,11 Mound A & B,11 Mound,"Lydia, Ashley",brittle star,none,OPHR,OPHR,1,0.283,0.184,0.045,,,Anna Metzger,
236,Red,6/14/2023,11 Mound A & B,11 Mound,"Lydia, Ashley",clinging crab,none,MTHR,CLNG,1,0.546,0.534,0.307,,,Anna Metzger,
237,Red,6/14/2023,11 Mound A & B,11 Mound,"Lydia, Ashley",clinging crab,none,MTHR,CLNG,1,0.397,0.455,0.162,,,Anna Metzger,
238,Red,6/14/2023,11 Mound A & B,11 Mound,"Lydia, Ashley",clinging crab,none,MTHR,CLNG,1,0.648,0.694,0.362,,,Anna Metzger,
239,Red,6/14/2023,11 Mound A & B,11 Mound,"Lydia, Ashley",clinging crab,none,MTHR,CLNG,1,0.264,0.407,0.082,,,Anna Metzger,
240,Red,6/14/2023,11 Mound A & B,11 Mound,"Lydia, Ashley",mithrax,none,MTHR,CLNG,1,0.686,0.759,0.455,,,Anna Metzger,
241,Red,6/14/2023,11 Mound A & B,11 Mound,"Lydia, Ashley",crab (red),none,MTHR,CLNG,1,0.3,0.402,0.089,,,Anna Metzger,
242,Red,6/14/2023,11 Mound A & B,11 Mound,"Lydia, Ashley",snail,none,GAST,OSNL,1,2.307,1.173,1.604,,,Anna Metzger,
243,Red,6/14/2023,11 Mound A & B,11 Mound,"Lydia, Ashley",snail,trap,GAST,OSNL,1,0.518,0.182,0.076,,,Anna Metzger,
244,Red,6/14/2023,11 Mound A & B,11 Mound,"Lydia, Ashley",wood worm,trap,BIVL,TERE,1,6.153,0.248,1.659,,,Anna Metzger,
245,Red,6/14/2023,11 Mound A & B,11 Mound,"Lydia, Ashley",polychaete,trap,POLY,POLY,1,3.18,0.263,0.932,,,Anna Metzger,worm in two
246,Red,6/14/2023,11 Mound A & B,11 Mound,"Lydia, Ashley",peanut worm,trap,SIPN,SIPN,1,0.638,0.442,0.25,,,Anna Metzger,
247,Red,6/14/2023,11 Mound A & B,11 Mound,"Lydia, Ashley",polychaete,trap,POLY,POLY,1,,,,,,Anna Metzger,no photo
248,Red,6/14/2023,11 Mound A & B,11 Mound,"Lydia, Ashley",crab (red),trap,MTHR,CLNG,1,0.376,0.54,0.162,,,Anna Metzger,
249,Red,6/14/2023,11 Mound A & B,11 Mound,"Lydia, Ashley",decorator crab,trap,MTHR,DECO,1,0.809,0.99,0.733,,,Anna Metzger,
250,Red,6/14/2023,11 Mound A & B,11 Mound,"Lydia, Ashley",amphipod,trap,AMPH,AMPH,1,0.703,0.077,0.056,,,Anna Metzger,
251,Red,6/14/2023,11 Mound A & B,11 Mound,"Lydia, Ashley",snail,trap,GAST,OSNL,1,0.453,0.311,0.091,,,Anna Metzger,
252,Red,6/14/2023,11 Mound A & B,11 Mound,"Lydia, Ashley",shrimp,none,CARD,PALA,1,0.988,0.188,0.136,,,Anna Metzger,
253,Red,6/14/2023,11 Mound A & B,11 Mound,"Lydia, Ashley",clinging crab,trap,MTHR,CLNG,1,0.205,0.315,0.044,,,Anna Metzger,
254,Red,6/14/2023,11 Mound A & B,11 Mound,"Lydia, Ashley",polychaete,trap,POLY,POLY,1,2.915,0.146,0.402,,,Anna Metzger,
255,Red,6/14/2023,11 Mound A & B,11 Mound,"Lydia, Ashley",mithrax,trap,MTHR,CLNG,1,0.627,0.608,0.306,,,Anna Metzger,
256,Red,6/14/2023,11 Mound A & B,11 Mound,"Lydia, Ashley",snail,trap,GAST,OSNL,1,0.749,0.336,0.155,,,Anna Metzger,
256.1,,6/14/2023,11 Mound A & B,11 Mound,"Lydia, Ashley",snail,,GAST,OSNL,1,,,,,,Anna Metzger,
257,Red,6/14/2023,11 Mound A & B,11 Mound,"Lydia, Ashley",polychaete,trap,POLY,POLY,1,4.87,0.14,0.728,,,Anna Metzger,
258,Red,6/14/2023,11 Mound A & B,11 Mound,"Lydia, Ashley",polychaete,trap,POLY,POLY,1,7.398,0.154,1.295,,,Anna Metzger,
259,Red,6/14/2023,11 Mound A & B,11 Mound,"Lydia, Ashley",polychaete,trap,POLY,POLY,1,3.192,0.223,0.546,,,Anna Metzger,
260,Red,6/14/2023,11 Mound A & B,11 Mound,"Lydia, Ashley",polychaete,trap,POLY,POLY,1,,,,,,Anna Metzger,no picture
261,Red,6/14/2023,11 Mound A & B,11 Mound,"Lydia, Ashley",spagetti worm,trap,POLY,TERB,1,1.639,0.088,,,,Anna Metzger,area hard to get
262,Red,6/14/2023,11 Mound A & B,11 Mound,"Lydia, Ashley",crab,trap,MTHR,CLNG,1,0.311,0.242,0.068,,,Anna Metzger,
263,Red,6/14/2023,11 Mound A & B,11 Mound,"Lydia, Ashley",crab,trap,XNTH,XNTH,1,0.268,0.448,0.099,,,Anna Metzger,
263.1,,6/14/2023,11 Mound A & B,11 Mound,"Lydia, Ashley",crab (red),none,MTHR,CLNG,1,0.364,0.47,0.115,,,Anna Metzger,
264,Red,6/14/2023,11 Mound A & B,11 Mound,"Lydia, Ashley",snapping shrimp,trap,CARD,SNAP,1,0.977,0.123,0.082,,,Anna Metzger,
265,Red,6/14/2023,11 Mound A & B,11 Mound,"Lydia, Ashley",snapping shrimp,trap,CARD,SNAP,1,0.454,0.077,0.029,,,Anna Metzger,
266,Red,6/14/2023,11 Mound A & B,11 Mound,"Lydia, Ashley",snail,trap,GAST,OSNL,1,0.576,0.181,0.072,,,Anna Metzger,
267,Red,6/14/2023,11 Mound A & B,11 Mound,"Lydia, Ashley",peanut worm,trap,SIPN,SIPN,1,2.111,0.216,0.431,,,Anna Metzger,
268,Red,6/14/2023,11 Mound A & B,11 Mound,"Lydia, Ashley",polychaete,trap,POLY,POLY,1,3.597,0.186,0.57,,,Anna Metzger,
269,Red,6/14/2023,11 Mound A & B,11 Mound,"Lydia, Ashley",polychaete,trap,POLY,POLY,1,3.295,0.208,0.657,,,Anna Metzger,folded in half
270,Red,6/14/2023,11 Mound A & B,11 Mound,"Lydia, Ashley",unk worm,trap,POLY,POLY,1,2.418,0.141,0.482,,,Anna Metzger,
271,Red,6/14/2023,11 Mound A & B,11 Mound,"Lydia, Ashley",hairy crab,trap debris,PLMN,PLMN,1,0.385,0.607,0.173,,,Anna Metzger,
272,Red,6/14/2023,11 Mound A & B,11 Mound,"Lydia, Ashley",clinging crab,trap debris,MTHR,CLNG,1,,,,,,Anna Metzger,no picture
273,Red,6/14/2023,11 Mound A & B,11 Mound,"Lydia, Ashley",crab,wood slat,XNTH,XNTH,1,0.186,0.191,0.027,,,Anna Metzger,
274,Red,6/14/2023,11 Mound A & B,11 Mound,"Lydia, Ashley",decorator crab,none,MTHR,DECO,1,0.63,0.603,0.264,,,Anna Metzger,
275,Red,6/14/2023,11 Mound A & B,11 Mound,"Lydia, Ashley",clinging crab,wood slat,MTHR,CLNG,1,0.262,0.248,0.053,,,Anna Metzger,
276,Red,6/14/2023,11 Mound A & B,11 Mound,"Lydia, Ashley",brittle star,tile,OPHR,OPHR,1,0.621,0.541,0.196,,,Anna Metzger,
277,Red,6/14/2023,11 Mound A & B,11 Mound,"Lydia, Ashley",decorator crab,wood slat,MTHR,DECO,1,0.456,0.541,0.198,,,Anna Metzger,
278,Red,6/14/2023,11 Mound A & B,11 Mound,"Lydia, Ashley",clinging crab,wood slat,MTHR,CLNG,1,0.336,0.594,0.255,,,Anna Metzger,strange angle
279,Red,6/14/2023,11 Mound A & B,11 Mound,"Lydia, Ashley",snail,none,GAST,OSNL,1,3.653,1.737,4.007,,,Anna Metzger,
280,Red,6/14/2023,11 Mound A & B,11 Mound,"Lydia, Ashley",polychaete,wood slat,POLY,POLY,1,2.251,0.175,0.329,,,Anna Metzger,
281,Red,6/14/2023,11 Mound A & B,11 Mound,"Lydia, Ashley",decorator crab,concrete block,MTHR,DECO,1,0.76,0.544,0.257,,,Anna Metzger,
282,Red,6/14/2023,11 Mound A & B,11 Mound,"Lydia, Ashley",decorator crab,concrete block,MTHR,DECO,1,1.054,0.707,0.654,,,Anna Metzger,
283,Red,6/14/2023,11 Mound A & B,11 Mound,"Lydia, Ashley",polychaete,concrete block,POLY,POLY,1,,,,,,Anna Metzger,
284,Red,6/14/2023,11 Mound A & B,11 Mound,"Lydia, Ashley",red sponge crab,concrete block,DROM,DROM,1,0.375,0.489,0.154,,,Anna Metzger,
285,Red,6/14/2023,11 Mound A & B,11 Mound,"Lydia, Ashley",polychaete,metal bar,POLY,POLY,1,0.162,0.251,0.04,,,Anna Metzger,
285.1,Red,6/14/2023,11 Mound A & B,11 Mound,"Lydia, Ashley",crab,none,XNTH,XNTH,1,3.915,0.096,0.51,,,Anna Metzger,
286,Red,6/14/2023,11 Mound A & B,11 Mound,"Lydia, Ashley",limpet,metal bar,GAST,LIMP,1,1.131,0.692,0.642,,,Anna Metzger,
287,Red,6/14/2023,11 Mound A & B,11 Mound,"Lydia, Ashley",sea star,none,ASTR,OSTR,1,0.822,0.883,0.589,,,Anna Metzger,
288,Red,6/14/2023,11 Mound A & B,11 Mound,"Lydia, Ashley",polychaete,mesh bag,POLY,POLY,1,1.184,0.374,0.347,,,Anna Metzger,Very faint photo
289,Red,6/14/2023,11 Mound A & B,11 Mound,"Lydia, Ashley",shrimp,rope,CARD,PALA,1,1.525,0.163,0.228,,,Anna Metzger,
290,Red,6/14/2023,11 Mound A & B,11 Mound,"Lydia, Ashley",shrimp,rope,CARD,PALA,1,,,,,,Anna Metzger,
291,Red,6/14/2023,11 Mound A & B,11 Mound,"Lydia, Ashley",brittle star,rope,OPHR,OPHR,1,0.588,0.255,0.117,,,Anna Metzger,
292,Red,6/14/2023,11 Mound A & B,11 Mound,"Lydia, Ashley",hairy crab,rope,PLMN,PLMN,1,0.564,0.598,0.253,,,Anna Metzger,
293,Red,6/14/2023,11 Mound A & B,11 Mound,"Lydia, Ashley",decorator crab,rope,MTHR,DECO,1,0.494,0.362,0.124,,,Anna Metzger,
294,Red,6/14/2023,11 Mound A & B,11 Mound,"Lydia, Ashley",amphipod,rope,AMPH,AMPH,1,0.732,0.211,0.108,,,Anna Metzger,
295,Red,6/14/2023,11 Mound A & B,11 Mound,"Lydia, Ashley",clinging crab,rope,MTHR,CLNG,1,0.223,0.376,0.081,,,Anna Metzger,
296,Red,6/14/2023,11 Mound A & B,11 Mound,"Lydia, Ashley",porcelein crab,rope,GLRH,PORC,1,0.408,0.316,0.115,,,Anna Metzger,
297,Red,6/14/2023,11 Mound A & B,11 Mound,"Lydia, Ashley",porcelein crab,rope,GLRH,PORC,1,,,,,,Anna Metzger,
298,Red,6/14/2023,11 Mound A & B,11 Mound,"Lydia, Ashley",decorator crab,rope,MTHR,DECO,1,0.96,0.401,0.242,,,Anna Metzger,extremely blurry
299,Red,6/14/2023,11 Mound A & B,11 Mound,"Lydia, Ashley",decorator crab,rope,MTHR,DECO,1,0.566,0.606,0.291,,,Anna Metzger,
300,Red,6/14/2023,11 Mound A & B,11 Mound,"Lydia, Ashley",clinging crab,none,MTHR,CLNG,1,0.316,0.374,0.107,,,Anna Metzger,
301,Red,6/14/2023,11 Mound A & B,11 Mound,"Lydia, Ashley",porcelein crab,none,GLRH,PORC,1,0.54,0.495,0.271,,,Anna Metzger,
301.1,,6/14/2023,11 Mound A & B,11 Mound,"Lydia, Ashley",polychaete,none,POLY,POLY,1,25.344,0.163,,,,Anna Metzger,hard to get area
302,Red,6/14/2023,11 Mound A & B,11 Mound,"Lydia, Ashley",brittle star,none,OPHR,OPHR,1,0.366,0.355,0.084,,,Anna Metzger,
303,Red,6/14/2023,11 Mound A & B,11 Mound,"Lydia, Ashley",night shrimp,none,CARD,PROC,1,1.168,0.189,0.235,,,Anna Metzger,
304,Red,6/14/2023,11 Mound A & B,11 Mound,"Lydia, Ashley",brittle star,none,OPHR,OPHR,1,0.251,0.331,0.093,,,Anna Metzger,
305,Red,6/14/2023,11 Mound A & B,11 Mound,"Lydia, Ashley",crab,none,MTHR,CLNG,1,0.358,0.537,0.164,,,Anna Metzger,
306,Red,6/14/2023,11 Mound A & B,11 Mound,"Lydia, Ashley",crab,none,GLRH,PORC,1,0.544,0.453,0.179,,,Anna Metzger,
307,Red,6/14/2023,11 Mound A & B,11 Mound,"Lydia, Ashley",clinging crab,none,MTHR,CLNG,1,0.304,0.295,0.07,,,Anna Metzger,
308,Red,6/14/2023,11 Mound A & B,11 Mound,"Lydia, Ashley",decorator crab,none,MTHR,DECO,1,0.459,0.867,0.494,,,Anna Metzger,
308.1,Red,6/14/2023,11 Mound A & B,11 Mound,"Lydia, Ashley",clinging crab,none,MTHR,CLNG,1,0.245,0.336,0.062,,,Anna Metzger,
309,Red,6/14/2023,11 Mound A & B,11 Mound,"Lydia, Ashley",brittle star,none,OPHR,OPHR,1,0.302,0.267,0.056,,,Anna Metzger,
310,Red,6/15/2023,Stag Party A & B,Stag Party,Lydia,brittle star,wood slat,OPHR,OPHR,1,0.204,0.148,0.027,,,Anna Metzger,
311,Red,6/15/2023,Stag Party A & B,Stag Party,Lydia,worm,wood slat,POLY,POLY,1,1.086,0.109,0.103,,,Anna Metzger,
312,Red,6/15/2023,Stag Party A & B,Stag Party,Lydia,polychaete,wood slat,POLY,POLY,1,1.117,0.077,0.104,,,Anna Metzger,
313,Red,6/15/2023,Stag Party A & B,Stag Party,Lydia,urchin,wood slat,ECHN,TOXO,1,0.472,0.553,0.205,,,Anna Metzger,
314,Red,6/15/2023,Stag Party A & B,Stag Party,Lydia,urchin,wood slat,ECHN,TOXO,1,0.364,0.343,0.096,,,Anna Metzger,
315,Red,6/15/2023,Stag Party A & B,Stag Party,Lydia,limpet,wood slat,GAST,LIMP,1,0.628,0.333,0.197,,,Anna Metzger,
316,Red,6/15/2023,Stag Party A & B,Stag Party,Lydia,peanut worm,cloth,SIPN,SIPN,1,,,,,,Anna Metzger,no picture
317,Red,6/15/2023,Stag Party A & B,Stag Party,Lydia,feather duster,glass,POLY,SABE,1,,,,,,Anna Metzger,no picture
318,Red,6/15/2023,Stag Party A & B,Stag Party,Lydia,porites,glass bottle,HCOR,PSP,1,,,,,,Anna Metzger,no picture
319,Red,6/15/2023,Stag Party A & B,Stag Party,Lydia,polychaete,glass bottle,POLY,POLY,1,2.242,0.091,0.226,,,Anna Metzger,
320,Red,6/15/2023,Stag Party A & B,Stag Party,Lydia,polychaete,glass bottle,POLY,POLY,1,1.615,0.087,0.164,,,Anna Metzger,
321,Red,6/15/2023,Stag Party A & B,Stag Party,Lydia,polychaete,trap mesh,POLY,POLY,1,3.554,0.164,0.537,,,Anna Metzger,
322,Red,6/15/2023,Stag Party A & B,Stag Party,Lydia,polychaete,wood slat,POLY,POLY,1,3.072,0.074,0.275,,,Anna Metzger,
323,Red,6/15/2023,Stag Party A & B,Stag Party,Lydia,polychaete,wood slat,POLY,POLY,1,1.193,0.057,0.079,,,Anna Metzger,
324,Red,6/15/2023,Stag Party A & B,Stag Party,Lydia,polychaete,wood slat,POLY,POLY,1,,,,,,Anna Metzger,
325,Red,6/15/2023,Stag Party A & B,Stag Party,Lydia,brittle star,wood slat,OPHR,OPHR,1,0.159,0.172,0.021,,,Anna Metzger,
326,Red,6/15/2023,Stag Party A & B,Stag Party,Lydia,polychaete,wood slat,POLY,POLY,1,1.989,0.106,0.175,,,Anna Metzger,
327,Red,6/15/2023,Stag Party A & B,Stag Party,Lydia,limpet,concrete,GAST,LIMP,1,0.362,0.464,0.135,,,Anna Metzger,double check
328,Red,6/15/2023,Stag Party A & B,Stag Party,Lydia,polychaete,rope,POLY,POLY,1,0.903,0.045,0.05,,,Anna Metzger,
329,Red,6/15/2023,Stag Party A & B,Stag Party,Lydia,brittle star,rope,OPHR,OPHR,1,0.095,0.097,0.008,,,Anna Metzger,
330,Red,6/15/2023,Stag Party A & B,Stag Party,Lydia,peanut worm,rope,SIPN,SIPN,1,1.214,0.181,0.161,,,Anna Metzger,
331,Red,6/15/2023,Stag Party A & B,Stag Party,Lydia,polychaete,rope,POLY,POLY,1,2.792,0.347,0.702,,,Anna Metzger,
332,Red,6/15/2023,Stag Party A & B,Stag Party,Lydia,polychaete,rope,POLY,POLY,1,6.991,0.2,1.599,,,Anna Metzger,
333,Red,6/15/2023,Stag Party A & B,Stag Party,Lydia,decorator crab,weight belt,MTHR,DECO,1,0.518,0.613,0.247,,,Anna Metzger,
334,Red,6/15/2023,Stag Party A & B,Stag Party,Lydia,polychaete,weight belt,POLY,POLY,1,1.112,0.102,0.13,,,Anna Metzger,
335,Red,6/15/2023,Stag Party A & B,Stag Party,Lydia,Lobster Shrimp/ Two Claw,weight belt,AXDE,AXDE,1,1.709,0.224,0.44,,,Anna Metzger,lobster shrimp
336,Red,6/15/2023,Stag Party A & B,Stag Party,Lydia,clam,weight belt,BIVL,CLAM,1,,,,,,Anna Metzger,no picture
337,Red,6/15/2023,Stag Party A & B,Stag Party,Lydia,clinging crab,none,MTHR,CLNG,1,0.264,0.394,0.098,,,Anna Metzger,
338,Red,6/15/2023,Stag Party A & B,Stag Party,Lydia,polychaete,none,POLY,POLY,1,10.878,0.204,2.854,,,Anna Metzger,
339,Red,6/15/2023,Stag Party A & B,Stag Party,Lydia,polychaete,none,POLY,POLY,1,6.68,0.16,1.134,,,Anna Metzger,
340,Red,6/15/2023,Stag Party A & B,Stag Party,Lydia,snapping shrimp,none,CARD,SNAP,1,0.746,0.117,0.068,,,Anna Metzger,
341,Red,6/15/2023,Stag Party A & B,Stag Party,Lydia,snapping shrimp,none,CARD,SNAP,1,1.356,0.193,0.184,,,Anna Metzger,
342,Red,6/15/2023,Stag Party A & B,Stag Party,Lydia,polychaete,none,POLY,POLY,1,2.428,0.067,0.182,,,Anna Metzger,
343,Red,6/15/2023,Stag Party A & B,Stag Party,Lydia,worm,none,SIPN,SIPN,1,1.132,0.368,0.304,,,Anna Metzger,peanut?
344,Red,6/15/2023,Stag Party A & B,Stag Party,Lydia,decorator crab,none,MTHR,DECO,1,0.841,0.893,0.701,,,Anna Metzger,
345,Red,6/15/2023,Stag Party A & B,Stag Party,Lydia,polychaete,none,POLY,POLY,1,4.527,0.224,1.113,,,Anna Metzger,
346,Red,6/15/2023,Stag Party A & B,Stag Party,Lydia,brittle star,none,OPHR,OPHR,1,0.215,0.188,0.035,,,Anna Metzger,
347,Red,6/15/2023,Stag Party A & B,Stag Party,Lydia,polychaete,none,POLY,POLY,1,2.105,0.09,0.201,,,Anna Metzger,
348,Red,6/15/2023,Stag Party A & B,Stag Party,Lydia,brittle star,none,OPHR,OPHR,1,0.704,0.689,0.412,,,Anna Metzger,
349,Red,6/15/2023,Stag Party A & B,Stag Party,Lydia,shrimp,none,CARD,PALA,1,1.116,0.164,0.124,,,Anna Metzger,
